loss_reconstruction,loss_prediction_1,loss_prediction_2,loss_prediction_3,loss_prediction_4,loss_prediction_5,loss_prediction_6,loss_prediction_7,loss_linearity_1,loss_linearity_2,loss_linearity_3,loss_linearity_4,loss_linearity_5,loss_linearity_6,loss_linearity_7,lin_dyn_weight
0.9919644253823894,1.0134891098998613,1.00495943461203,0.9964691618074873,0.9868962798455749,0.9786360197998458,0.9740050601638126,0.9760152925947299,0.0006560735220791103,0.0008409336261512358,0.000926541033328993,0.0010234167340068727,0.0010861593681687758,0.0011355351935995095,0.0011745100226560968,0.00016150905867107213
0.6140220614394756,0.6229134549998274,0.6258461589363689,0.627362930092346,0.6290533836441811,0.6307528598541362,0.6323241432909211,0.6337169868777497,0.0011704532987742312,0.0013647109420612605,0.0016318933354684398,0.0019150888202367005,0.0021713237569789693,0.002404890595762818,0.002606091751193358,0.002625876571983099
0.4629009124405858,0.4786355095680314,0.4880450017524488,0.4967970417806195,0.503871617493806,0.5101741838936854,0.5154768073598945,0.5196673335451069,0.004159483674800757,0.004540981793845141,0.00490859484532064,0.005225403842701253,0.005519368818111292,0.005763168557725772,0.0059701499112126,0.010365975089371204
0.38113638660321736,0.3963785023801656,0.4020056962164163,0.4082192787016281,0.41358000919072313,0.41812651438343806,0.422622772499367,0.4269080932694252,0.005513412668448105,0.005810733816840432,0.006283148119746635,0.006733106453009326,0.007223181893127133,0.007698026199132103,0.00815628963187086,0.022738130763173103
0.3236962089835594,0.33926845672556044,0.34377579159206817,0.34844215662792477,0.35223787866457545,0.35524303712427413,0.3584398465525823,0.3615965608795885,0.005594341346511134,0.005700376845570124,0.005975617583753284,0.006310509049932563,0.006738479435443878,0.007138059737305047,0.007571444662933799,0.039899736642837524
0.27940787582686455,0.2946964878827233,0.2988824035182144,0.30268549003986395,0.30546900029937024,0.3077103876505637,0.3100954351200399,0.3123881323971732,0.00554916017284297,0.005537722997292124,0.0057031366861227785,0.005904745578966558,0.006170010225540058,0.006421324500331172,0.00668700326372076,0.06184229999780655
0.24109932636773146,0.2566086338826703,0.2606297070731218,0.26375769139941696,0.26585700776841903,0.26747913713808413,0.26934161764202696,0.27128393834688846,0.005762340539834315,0.005696641204734443,0.005832196857391383,0.006014971249432676,0.00626000388704165,0.006474383626923416,0.006692336830827925,0.09049337357282639
0.20762883458876047,0.22295711851280547,0.22697310335307008,0.22975783235697633,0.23149340401594887,0.23286128124404035,0.23437325609252108,0.23595297007448343,0.0059852337094669795,0.005937766998705238,0.006087879951955494,0.00627961953982761,0.006541117223023566,0.006786497208205136,0.007025914912673359,0.1262081116437912
0.17863764692637255,0.19292212046356716,0.1969038077075072,0.19974135453452166,0.20123443892507842,0.2023780649358576,0.20361049006683657,0.2049624593972357,0.006320481935534815,0.00629203977307888,0.006499765296576401,0.006709907582713297,0.006993709283846396,0.007261248013186535,0.007557810727594677,0.16842827200889587
0.15166177650292714,0.16577403071753505,0.1699447517844563,0.17294542877762406,0.1746552997165256,0.1758487454167119,0.17699688580702452,0.17821738262369174,0.006192352610204357,0.006262550390127933,0.006542641827554414,0.006800314964670123,0.007115080054560896,0.007413194717381538,0.007724955356883682,0.22041155397891998
0.12896870618516748,0.14259530566758177,0.1464258733421865,0.149379286862383,0.15127221438218447,0.15270907228643243,0.1540803353794496,0.15548837883303865,0.006189573031884652,0.006228335061257937,0.006586450258088032,0.006925473148975308,0.007307178594849326,0.007675879411023072,0.008050159538033032,0.27633538842201233
0.10940782633494046,0.12238776330594663,0.12595018361152624,0.1286445085448448,0.1304657670383903,0.13189656830797292,0.1332850700275665,0.1347444829716024,0.006224774441333732,0.00631097001258773,0.0066656831890244276,0.00705999227786305,0.0074951796017913306,0.007896652486589219,0.008325506330339193,0.33580201864242554
0.0932134840925936,0.10585743979572848,0.10905256945677477,0.111485136879815,0.11320428519136577,0.11466326215853194,0.11612554262784194,0.11766363570987175,0.006311717258157955,0.006415921023197046,0.006830491873150321,0.007255191524020751,0.007697688263875467,0.008179125109505574,0.008682355254587501,0.3945680856704712
0.07924748332010777,0.09191102299224647,0.09474886089864404,0.09687611928291193,0.09844460077960082,0.09987979569419064,0.10134395830559008,0.10294067434188894,0.00634457591908548,0.00636005132688015,0.006750541313328727,0.0071878322196327876,0.007702882046049291,0.008190963921522854,0.008726576351958894,0.4535447359085083
0.0683959120652491,0.08078066186872797,0.08337319218349779,0.08531438084162446,0.08671697414282596,0.08803530469887987,0.08943188254680698,0.09095368112377847,0.006345197593523597,0.006383662312119095,0.006758279230458166,0.007207690134192958,0.007709851369311914,0.008198140426115556,0.00876521639249943,0.5053916573524475
0.05933990866347194,0.07162611018929016,0.07396408973719536,0.07573991600511852,0.0770512256558094,0.07824924144680652,0.07951946997080588,0.08094790945149431,0.006046754382676147,0.006116751649162986,0.006487653346776159,0.006935045589702298,0.007439544375496682,0.007944494350390002,0.008483536195273351,0.5531073212623596
0.05218726179314784,0.06439563525646222,0.06665865439758557,0.06838002357418689,0.06962349776065711,0.07080839731877901,0.07204198965721259,0.07340063823995366,0.005969941726437321,0.005968936560330568,0.006320154917761935,0.0067755989354066175,0.007283405543176413,0.007797655423080881,0.008366333826222403,0.5940569639205933
0.04665274853106299,0.058827938696350716,0.06095679219724353,0.0627207763267286,0.0639060696768841,0.06498939115993102,0.06615786315616133,0.06752475367652046,0.005594521590354868,0.005595754553573301,0.0059710163259345675,0.006363180746333768,0.0068668729026710945,0.007389248897531619,0.007922394438223405,0.6277818083763123
0.04302053114129638,0.05464545572646941,0.056733760328003854,0.05847046246833673,0.059742171475381564,0.06092823169849537,0.06207952788381865,0.06337323269057354,0.005533968795228887,0.005608334113853146,0.005919868882858392,0.006328177176139973,0.00686460770039446,0.007417627040183905,0.008024659426726075,0.6509868502616882
0.03981002206202308,0.05149092935151123,0.053475047723211426,0.055117051769988705,0.05635061829981178,0.057554861873087254,0.05877109408779979,0.06014229500735248,0.005343354405578138,0.0053847935314130305,0.005716104213436846,0.006151053660646433,0.006690610488657197,0.007232939715337272,0.007788795824805494,0.6721773147583008
0.03686967036037734,0.04862358024224689,0.0504867986396507,0.05209504650899457,0.05334306891117032,0.054561224248674184,0.05580179594983958,0.0571939781860069,0.004895135479342657,0.004937281161044985,0.00525611506568061,0.005665964831406821,0.0061597085009118925,0.006668794812377455,0.007234404594809921,0.6921757459640503
0.03533837197455091,0.04682041547113797,0.048561822565316354,0.05015529614907724,0.051364833497840545,0.052543197216008246,0.053770663802471225,0.055181325364995884,0.004800451373813128,0.00482041526723791,0.005142120123912991,0.005541481714858752,0.006064748573383499,0.0066072879616258925,0.007153310704512227,0.702854573726654
0.03392151433610756,0.045233302525799685,0.046932458074807316,0.04847741781260429,0.04971253607008192,0.05094748462490763,0.05224993349325777,0.053671254413296475,0.00481171373165015,0.004875257666464205,0.005157967353308642,0.0055588760811471774,0.006118491221758653,0.006687261018688832,0.007260643838832675,0.7128555774688721
0.03255329151898121,0.0438871585158788,0.04545535491371797,0.04694105438913159,0.0481336154921689,0.049340766848939836,0.050667129100773874,0.05216952578387277,0.004591417111933031,0.004601353662784653,0.004918334771085668,0.005333518018626204,0.005875199832498826,0.006441734229474758,0.007012946587620359,0.7226237058639526
0.0318977128902469,0.04287054478520095,0.044245637426472674,0.0456385015237211,0.04682318979642207,0.04802181058459812,0.04932670131676928,0.05079394964256672,0.004590269293548282,0.0046467714563564015,0.004946312519034954,0.0053368963727646,0.005881767832871639,0.00644244893833443,0.0070255837908096185,0.7273803949356079
0.030929082765021307,0.04198006243015379,0.04325151728459881,0.044667137712741944,0.04584800093262284,0.047061909047842826,0.048379209467056226,0.04984492448845295,0.004518844408017618,0.004598231310093844,0.004864943604477327,0.005249786587676617,0.0058346476669263354,0.0063935504116193215,0.006953491927798749,0.7344200611114502
0.029741554392457813,0.040772852351769855,0.04205508336475,0.04341412096312552,0.04458800128814749,0.045873338405532066,0.047254098184180984,0.04877663052041924,0.004257463535877189,0.004294961951798461,0.004608265614068067,0.0050070442861378794,0.005538418598046608,0.006094682096230863,0.006696033392490361,0.7431701421737671
0.02921078601469496,0.04008165126296406,0.04119981467121779,0.04243640791286122,0.04356512324978607,0.04478531044340294,0.04614407703129932,0.047649453946636985,0.004118049410657851,0.004158608911414741,0.004492473830578704,0.004893662522136162,0.005425573132856928,0.006001606232389456,0.006607596751816746,0.7470985651016235
0.028809299197060493,0.039460993254626237,0.0404722552106838,0.04165044569407248,0.04275169428751525,0.044042741048215615,0.04545383589837688,0.047037419927642,0.004152724600901909,0.004184047378574558,0.004510208931735871,0.004925018127518471,0.005475295733923864,0.00607798351382567,0.006703075315013077,0.7501030564308167
0.027803844777923643,0.03848398093021277,0.03949534752553561,0.040554476627195725,0.041592108320306846,0.04278623873135859,0.04419327400348805,0.04577538794539994,0.003931622402836578,0.00397317026951899,0.0042839142384151815,0.004676912569437765,0.0051926242883759315,0.00575337857509703,0.0063704033893366855,0.7576531171798706
0.028182297003038405,0.038459765469586404,0.039326596982551344,0.04026143562914145,0.04122747652458422,0.042336861934726085,0.04362804267542932,0.045163905901539604,0.004111730229573619,0.004204701461675593,0.004463613131130585,0.0048403691161762585,0.005424855258127656,0.006026477785624237,0.006601138673848175,0.7548094987869263
0.027020216290447045,0.037380124844284573,0.03835541276819377,0.03927712813772336,0.04016341520881011,0.04127174900838421,0.04259866620555069,0.0441724879974468,0.003962657397443598,0.004016158539137053,0.004342259516820362,0.004750162403190176,0.005294321000776708,0.005890717681008156,0.006537040571371714,0.7635799646377563
0.02642068525130299,0.036712886789431076,0.03767190256504097,0.0385571351757756,0.03939656284120348,0.040428258915140174,0.04176469993109655,0.043321885645188865,0.0037211237857839477,0.003801346695684022,0.004089550957434908,0.0044753060999141395,0.005029646144170151,0.005604412268709253,0.0061878591926410945,0.7681626081466675
0.026206224055502953,0.03613998277821525,0.03704185032282614,0.03794001389031458,0.03874212383019804,0.03977287377572621,0.0410739354011587,0.04262712126227742,0.0036880308229112467,0.0037491518765788287,0.004043526601309728,0.004438738329241974,0.004982712859858567,0.005564222221422677,0.006182927711042089,0.7698070406913757
0.02594183097007098,0.03558379716744728,0.03652794007901792,0.03735271712344905,0.03811335635907722,0.03911110913311994,0.04039804425705162,0.041942745306676486,0.003716804119773987,0.003789284311059348,0.004102331698442549,0.004490407358114968,0.005025924626825634,0.005605059741723417,0.006238978880423087,0.7718446850776672
0.025418138086344258,0.035227291993420534,0.036151790378069634,0.036972232860346836,0.037738529841105144,0.038706904990905865,0.03998658913955945,0.04154241803519252,0.0036418144725990616,0.0037514127640411107,0.004025516779434801,0.0044280184890686065,0.005008627338842912,0.005618844545048094,0.006233632514372418,0.7758752107620239
0.02512423284978979,0.03460432997456303,0.03550489157538623,0.03629235019186129,0.03701568781727492,0.03803608706503203,0.039368623234206174,0.04088854968347132,0.003595978754136699,0.0036942773796492553,0.004030162911322783,0.004454296466076013,0.0050099551727876114,0.005613449100492779,0.00627638783418771,0.7781316637992859
0.024375374743131676,0.03380297803718233,0.03470288055513042,0.03547156932779434,0.036229895341275915,0.03721342893561932,0.0384676542346325,0.0399758487438112,0.0034032349408877017,0.003482934719685352,0.003791068225898325,0.004191992768033185,0.004726639101501266,0.0053251836285848,0.005962653362791145,0.7839763164520264
0.024125058792205372,0.033391122866158536,0.034334590619661993,0.035078590205221465,0.03578784660458163,0.03671424284527197,0.03796774875435364,0.039496817893853495,0.0033212551564881297,0.0034048846474400273,0.0037192412724197915,0.004115901917520195,0.0046377740373916496,0.0052073349204127635,0.005844747076933633,0.7859368324279785
0.02364669271214843,0.03275639497069799,0.03370393055055278,0.034461791186220316,0.035132266214801006,0.0360970382738595,0.03739243091557564,0.038950711187690196,0.003209363443381859,0.003324557389273788,0.003634439717338543,0.004029646342751956,0.004537051314055318,0.005115238905755759,0.005751676656782426,0.7896917462348938
0.02342086481275382,0.032381667793800535,0.03335545735327081,0.034083708428373244,0.03473841857027125,0.035672670964038734,0.036909482856390854,0.03846120408889822,0.0032110957083878694,0.0033113916890589075,0.0036279908685571817,0.004033163094560707,0.004538875727942496,0.005120680634220842,0.005775790588823633,0.7914724349975586
0.02363449831678209,0.032115085277493155,0.032990539495391075,0.033737759939347856,0.034393452614646165,0.03527136732030798,0.03650821451386217,0.03803754880372121,0.003322498101477671,0.0034354739141986023,0.0037670168034757427,0.004185117776145036,0.004739307752663038,0.005342622096289689,0.006003363741568042,0.7897915244102478
0.023213614692742173,0.031546088099881055,0.03241491608748131,0.03312869086008682,0.03382150378291454,0.03471670813030667,0.0359721606628662,0.037529586942910344,0.003307354598233997,0.0034681733459334583,0.0037680568944926216,0.004171198062122069,0.004755199738223143,0.005377208248332694,0.006034113210861129,0.7931157946586609
0.022453509740255496,0.03084191954898513,0.03182141618295149,0.03259788914160295,0.033218913588058264,0.03408234416435062,0.035294076549485076,0.0367982425272264,0.003133109851618006,0.003297212331082283,0.0035964579694600218,0.004013253954123166,0.0045932709443248084,0.0051966007460247385,0.005840145176909989,0.7991471290588379
0.022441006242375983,0.030491309996807214,0.03148417723700655,0.032230921907457036,0.0328608381427097,0.03374485267131818,0.03497249074656554,0.03648719928079984,0.0031707613405956565,0.003332954253813233,0.0036335624428309172,0.004055663205758489,0.004635315318199922,0.005239157589397045,0.005883005105887198,0.7992381453514099
0.02200801375036689,0.029916310591328425,0.03086635107143158,0.031585209016446715,0.03221566325887686,0.033099495702319674,0.03435435158636434,0.035904612224110045,0.0030529192852652835,0.0032247674159128657,0.003553453233306255,0.003967348508762591,0.004517414072145918,0.005134766912620878,0.005807243202270482,0.8027213215827942
0.021782435470508406,0.029501480446118698,0.03040742221906129,0.031126836413887613,0.03172347168328385,0.03255441519949171,0.03377731309996711,0.035279015057817456,0.0029114851019398534,0.0030872879606304747,0.0034336042925966308,0.003868702257221395,0.004413699509218486,0.005017513413019855,0.005695537625739871,0.8045133352279663
0.02151905577943381,0.0290694843639027,0.029978140295555296,0.030685908946926747,0.03130299743979868,0.03214694783342406,0.03336721789154541,0.03490439358383718,0.002933525469668385,0.0031008552371050773,0.0034500188473298495,0.0038852921063049074,0.004431979310532612,0.005036100263547416,0.005715506676872973,0.8066249489784241
0.021330900758705557,0.02865514064878727,0.02956521258209691,0.030230545576172645,0.030850970223295165,0.0317329856081041,0.032953853077358666,0.03451439971072907,0.0028446083518391106,0.0030409121453159986,0.0033933903532798845,0.003826036602760405,0.004393515841226385,0.005029956544890548,0.005727840789440103,0.8081321716308594
0.021083485330094392,0.02826405593040415,0.029207172839328496,0.029896435352286907,0.03049364320758216,0.031289791358440414,0.03248381108948679,0.034023140195242885,0.0028661327856759028,0.003069896700004937,0.0034434956357334598,0.0038803222855734905,0.004446495617880966,0.005078415286661399,0.0057646950888714,0.8101291060447693
0.02066217668304339,0.027676055688247936,0.028610056157063957,0.029292539053091697,0.029829863446328778,0.030594733748773133,0.03178838441267559,0.033307562612925314,0.002767415058733237,0.002969857132194018,0.003301939242817336,0.003745217327818726,0.004318817968320365,0.004932806904267783,0.005639993115908369,0.813547670841217
0.020862000707775254,0.027547736019397827,0.028513730294776687,0.02921042582804105,0.029781953012100373,0.030563115190576622,0.03173418494587394,0.03328243636523032,0.0028203496201471847,0.0030320624761308486,0.0033881119305035883,0.003835064059857166,0.004423716674348722,0.0050735951272726865,0.005786443499202279,0.811922550201416
0.02008763679651299,0.026802496035091,0.027781700706642484,0.02847969261082736,0.029075524983582672,0.02983888885388872,0.030950488466205017,0.03242855774433123,0.002686012501166726,0.0029113289432894903,0.0032730708971168056,0.0037153330189411086,0.004285041900094511,0.004937416184630859,0.005670404855651085,0.81822270154953
0.020008321335971958,0.02641657253708502,0.027359404949226764,0.028074935148862074,0.028665967200340245,0.02942322197586599,0.03054740820268188,0.031980856259663897,0.0026197036458587004,0.0028438134777425514,0.0031985351809548208,0.0036318568167863067,0.00422878778392217,0.004881095454749034,0.005586981121137086,0.8188669681549072
0.019744267514107204,0.025986200791818126,0.026915412599390204,0.027585820477418223,0.02812637554274665,0.028863862588349415,0.02996261063649598,0.03140817515376441,0.0025726666579944917,0.0027988279583277525,0.003170555754743441,0.0035947315545395166,0.00415492604677926,0.004795957324079392,0.005520557725068295,0.8210321664810181
0.019588721237499707,0.025690675965864652,0.026635395015530312,0.027304897625438293,0.027871413624246513,0.028600463883242624,0.029665623449717307,0.031101066255408906,0.0025779850003293868,0.0028356010940941896,0.003181936200520005,0.00361228073486174,0.0042019060891284685,0.00485557372421528,0.005547838891395414,0.822309136390686
0.019219382822212548,0.025095231304265032,0.02597121981659321,0.026674040238865295,0.027250152665757973,0.028014001300439288,0.029093854395227402,0.030505665905949244,0.0024945959875278603,0.0027527319562154185,0.0031224755476219486,0.0035742770466539596,0.00413108374233599,0.0047773528179335676,0.0055099084722473966,0.8253388404846191
0.018878404850058685,0.024633929665241177,0.025509342661610358,0.02618930797384243,0.026764684514164524,0.02751574568475537,0.02857016830733328,0.030016279019892015,0.002398038750846779,0.0026892278029862476,0.003060286404307844,0.003498715039355185,0.00406301668296358,0.004716311681150186,0.00545477316235051,0.8281580209732056
0.018701176497119443,0.02428238301566153,0.02522108145434447,0.025948055444743094,0.02649058183837017,0.027197329544459126,0.028294737491543445,0.029720038295996308,0.002425798393710695,0.0027176965918605175,0.0030544634419258196,0.0034896317982312406,0.00408336569363822,0.004729838967825026,0.005447005342554163,0.8296208381652832
0.01850921661414281,0.02388901381380229,0.02479382195456662,0.02548924218925964,0.026043204787604336,0.02675213635168493,0.027778999111066363,0.029167927335007022,0.0023758609186519276,0.0026402909145612106,0.0029979264796382247,0.003430726783042805,0.004001624423145044,0.004650368824952379,0.005390964588934324,0.8312073349952698
0.01839886557950516,0.02353734805527761,0.024415344140344998,0.025110110670629175,0.025703564958540277,0.026439514645823725,0.02747191441580904,0.028848845228201612,0.0023271547599071607,0.0026004722950233755,0.0029863962044418863,0.0034431307930938323,0.004018378583871154,0.004682911771917183,0.005456808274643188,0.832123875617981
0.018105383228623505,0.023095261649250583,0.02393668273884038,0.02462395038267579,0.025196956905853066,0.025923543807232018,0.026949988250379208,0.02830179132997789,0.002299942544062531,0.002591413860319038,0.002966947958926962,0.003425612303142997,0.004002815866309786,0.0046681668571751525,0.005413733307359997,0.8345606327056885
0.017952194910258155,0.022657812444449275,0.023496477411250875,0.024188187206634366,0.024769598646998806,0.025473329956684047,0.02648960697129118,0.027854643446026426,0.00227858165799568,0.0025614400742330935,0.002947170641085114,0.0034048500386151402,0.004005485843327712,0.004697529417196106,0.005477200503702517,0.8358418345451355
0.017662963111844128,0.022307844675751247,0.023111818193987964,0.023772489583050765,0.024325615147548895,0.02503148427716008,0.026019705887194034,0.027353831373079857,0.002208268604796342,0.002478324611881365,0.0028462727688980424,0.0032865371718149797,0.0038520896851213693,0.0045032234555141696,0.005248441090587815,0.8382588028907776
0.0176681090108674,0.022161035826711944,0.02300833477717056,0.02369138690759036,0.02424331253225153,0.024929700857059724,0.02591887228818052,0.027263751395222312,0.0022470632386127304,0.0025492477296578764,0.0029481406088429267,0.0034309143445106468,0.004044681857732008,0.004742831847182026,0.005525213409754564,0.8382124304771423
0.01739935356032367,0.02175938878396545,0.022634618691723757,0.02332481755953445,0.023882093473717017,0.024566018260287918,0.025550188600816308,0.026877858783259535,0.0022177145549845613,0.0025460589965585908,0.002931160482292625,0.0034263026859824505,0.004068945114961778,0.004773729424986373,0.005548864352181303,0.84046471118927
0.01726511062721813,0.021474351505639176,0.022318663721534137,0.0229952608696138,0.0235208819811593,0.024196566957415955,0.025177454286151462,0.02646286945150356,0.0021823985081931155,0.0025167887785820047,0.002897838370165841,0.003363659250415134,0.003978227926825835,0.004666563828384836,0.005439171977717467,0.8415939211845398
0.016865611727340052,0.020906176852056074,0.021729502312663428,0.022434573342101742,0.02299413693071616,0.023680416000411167,0.024639379295837198,0.02590519211910389,0.002122303218853594,0.0024486224659364232,0.002840178028401301,0.0033126092970571937,0.003911862637759861,0.004589117451348289,0.005379023199731653,0.8449528813362122
0.01656252422216364,0.02051526306052802,0.021338431301341713,0.021996517895849464,0.02253944490493749,0.023201253157272082,0.024090100538851036,0.025347765527590358,0.002094571710084424,0.002418827451138384,0.0027951318808276246,0.003249085125096318,0.003849413446605406,0.0045290618708438745,0.005278578571197561,0.8475131988525391
0.01632768447175371,0.02017050959445812,0.02095780555246655,0.021598365652039396,0.02214301774397442,0.022760439139825325,0.02364768090874258,0.024880985218266444,0.0019946257085210143,0.0023273586649886686,0.0027018309994177384,0.0031597693861534298,0.0037500654306475965,0.0044216979784194865,0.005178698164846761,0.8494918346405029
0.016212803836573253,0.01990535712804056,0.020711489699103615,0.021364701416355995,0.021912784227217087,0.022561284408023463,0.02347449070275432,0.02467635149506206,0.0020198651862264883,0.0023779549557552595,0.002712023990724223,0.003144247882594966,0.003764186378079231,0.004460421495566063,0.005198446212192176,0.8504714369773865
0.01623647033114626,0.019716835122317176,0.02046931251532301,0.021132504317896934,0.021665571655087198,0.022272808644105288,0.02312298190312755,0.024375706309019918,0.002037483699594684,0.0023694603042269395,0.002740781483325091,0.0032064940742772036,0.0038169235693485248,0.004496441018902493,0.005262810980230068,0.8502739071846008
0.015740561295890246,0.019209714208789145,0.01996401289496759,0.02058539609315018,0.021104504022534047,0.02169550669313681,0.022533720410632768,0.023711911937604448,0.0018813341680399898,0.0022082279025504884,0.0025890102051825637,0.0030310425041901947,0.0036034668911787797,0.004280818386712058,0.00505337341867312,0.8544917702674866
0.015566520751626404,0.018908183642910786,0.01964549259705977,0.020308430026275942,0.02080404975197532,0.02138088690712797,0.022199632222403582,0.023351061725455903,0.001825412204771331,0.0021538842306393965,0.002510033613102203,0.0029489703927979326,0.003540654565750148,0.004216545012462821,0.00496616605857406,0.8559688925743103
0.01530303185059366,0.018534168831828467,0.01924553688126381,0.0198324811177623,0.020335668847215698,0.02089860941023136,0.021702610442935418,0.02284550363768632,0.001812799390317615,0.0021352034375723764,0.00249701019890782,0.0029323622283309396,0.003506832085675262,0.004159512185187452,0.004910572500341268,0.8582313060760498
0.015172473412722048,0.018241380180172646,0.0189591198156177,0.01957771539286732,0.02010331139821396,0.020679389025627163,0.02151749186242871,0.022607631113392736,0.0018172344951717942,0.0021477927287620324,0.002501820129427043,0.0029314051021630517,0.0035171415242883893,0.00416832060023189,0.004919447963085239,0.8593448400497437
0.014898423881894008,0.017933925053085945,0.018635517398917716,0.019244234098328483,0.019783562060558434,0.02039344224464211,0.021189400924978032,0.022329341963886813,0.00174906973786627,0.0021211648692285976,0.00246282374166479,0.0028830221230132813,0.003460190610753165,0.004101281665792369,0.004835821723295783,0.8617070913314819
0.014752668285309667,0.01762433880908722,0.01832462155859077,0.018965912387025878,0.01948633222066192,0.02007330652037855,0.02090248425400217,0.0219786929361748,0.0017287496715683729,0.0020719466837568314,0.0024271925842320476,0.002847174991561909,0.0034274285013226147,0.004093368597303576,0.004843415184454484,0.8629562258720398
0.014742221710231368,0.017547634675446584,0.018239846604841726,0.018865315581010247,0.019386804043644606,0.020022112642875827,0.02086904570711181,0.021963752981789587,0.0018400179278669935,0.002256361387594782,0.002574176494320635,0.0029988234016028316,0.00364226715432273,0.00433331094556786,0.005056668552084001,0.8630459308624268
0.01452338884487397,0.017260874521852744,0.017954428880302995,0.018564205639290086,0.01908046229921206,0.019667135003439907,0.020482902635227552,0.021544665298879346,0.001721465437099187,0.0020789173792307627,0.00244156057234565,0.0029019797490502045,0.003502639262664198,0.00418469593029231,0.004961616412959115,0.8649344444274902
0.014383550543927584,0.01699486428037637,0.017668205901027127,0.0182882711642519,0.018783822073679582,0.01934401152109859,0.020120791694531938,0.021231905518958864,0.0017149962923843852,0.0020677738907662305,0.0024509597996168267,0.0029142200219310094,0.003519214220620968,0.0041884848891886,0.004950929877131876,0.8661421537399292
0.01427942479549835,0.01681498438621611,0.01742195827190322,0.017959277678017666,0.01841419134477172,0.018953625722364947,0.019729498359892104,0.02080529221781978,0.0016443192657798228,0.0019931992246245696,0.0023531447531598988,0.0027852169466941845,0.0033532626475348618,0.004006955361225789,0.0047645816146725355,0.8670387268066406
0.013908422037156342,0.016400684391207968,0.017068588663431934,0.017633104745787803,0.018110815884689692,0.01865105263713233,0.01939070706415658,0.020393751386038782,0.0016040729277262383,0.0019510747958915403,0.002307337868695307,0.0027433528442575472,0.0033057741896070614,0.003954278810658439,0.004693652398457832,0.8702598214149475
0.013862999725572589,0.016267431745625505,0.01691211946684905,0.017471681540261214,0.017992376337950478,0.01851677908640518,0.01930714386079448,0.020328100100912228,0.0016429189529884544,0.0020286911853937186,0.0023464269559792797,0.0027690072703843165,0.0033886535174718208,0.004069087235413818,0.004795586882215558,0.8706557154655457
0.013717420887741376,0.01603028704020311,0.01669971930860269,0.0172350922919283,0.01769542731219269,0.01824886116515908,0.018965434947800557,0.019965793267645016,0.0015882760863312165,0.0019414244715111825,0.002313492793326426,0.0027575943506125246,0.003340175710242204,0.004009796377986368,0.004748104236744068,0.8719208836555481
0.013586661053401252,0.015813654952177698,0.016374657190207278,0.016883159887911094,0.017332445270686038,0.017839944934604144,0.01850897932694817,0.01950865933790753,0.0015605688421212462,0.0019063121541983352,0.002269669704967075,0.0026824194047386798,0.0032127804928757126,0.003841922432184219,0.004568539446953571,0.873060941696167
0.013549662893794803,0.01569838473692486,0.016353667705548733,0.01693313875382998,0.017398123959900955,0.01793133161886774,0.018638175234248742,0.019588989139807344,0.0016095694029070312,0.0019977409982119346,0.002363161910764296,0.00280309894971976,0.0033786493494655147,0.004019706224652653,0.004746495959935365,0.8733969926834106
0.013560896053258015,0.015599138538042704,0.016208638306017275,0.016737533197659835,0.01718799054421961,0.01768923090764569,0.018377336468359436,0.01935067315294285,0.0015794443236256288,0.0019402072059385704,0.002324669707804818,0.0027744695594415117,0.003353852884034918,0.003999732437258216,0.0047792982899580744,0.873285174369812
0.013378378592105425,0.0153290341598819,0.015910437221478935,0.016432932310232812,0.016880424014647,0.017389284591080766,0.018067860793987107,0.019009204856073013,0.0016202260498647337,0.0019791642737007303,0.002357442531521473,0.0028277290690226185,0.0034233153393172255,0.004108855241175854,0.004893376710840347,0.8748748898506165
0.013223015597899153,0.01521151496304406,0.015854213855884692,0.01639375511042598,0.016824479436232186,0.017295038820517184,0.018008090982132085,0.018947361625404873,0.0015957399149133702,0.002007155377505604,0.0024304493446442414,0.0029143445921265315,0.0035094623187374987,0.004154365509748459,0.004915264278951318,0.8762418031692505
0.013142874346487851,0.01509243829884513,0.015658548845586553,0.01617675168747051,0.01662538276376949,0.01712134736354905,0.01776824869491436,0.018685946109318972,0.0015937940841572052,0.0020184937212302627,0.00244113843047659,0.0029362002356285197,0.003550372458367235,0.004202797707885203,0.004953461438919157,0.8769463300704956
0.01259716332761527,0.014488672166561037,0.015052795079019335,0.015512249244985355,0.015953578280680107,0.016424925931375036,0.01708787429814387,0.018006372602299005,0.0014535930923339896,0.0018189992329187264,0.002157082520299889,0.0025655893627742326,0.003119969443239347,0.003775221024097417,0.004513122748445581,0.8817250728607178
0.012484647018791048,0.01432528985469831,0.014882957082404833,0.015378473834557966,0.015779195751003946,0.016204672028320006,0.016817206345021925,0.01774477036513062,0.0014004088812805586,0.0017644522153468245,0.0020863730698723586,0.0024974566291679034,0.003057121332446333,0.003683439173080303,0.004406585857924387,0.8827135562896729
0.01252196018806712,0.01428291542762859,0.01481493728530126,0.01532819430635433,0.015731317748124352,0.016183409084776033,0.01686751890664149,0.017759457762393887,0.0014882889234457755,0.0018659009852192618,0.00220190006047989,0.002618954739586673,0.0031934631743816416,0.003819692521183579,0.0045592302525485,0.8823903799057007
0.012254740591302063,0.013966096149951921,0.01454763904163733,0.015058836090042936,0.015474021224060443,0.015984746101328016,0.0166941620083369,0.01755662673852259,0.0014328157836539979,0.0018405356742316223,0.0021554262574874994,0.002571767902233785,0.0031559838665655565,0.003796581231584453,0.004509099412345726,0.8847430348396301
0.012204910751419638,0.013887315466749147,0.014461762224785004,0.01500672723107065,0.015446731799379342,0.01594456540615069,0.01663528475095126,0.017562169077420475,0.0014508559998839792,0.0018661233260976746,0.0021841722731839124,0.002610247268620565,0.0032326044985140213,0.003911665709131093,0.004652695957358036,0.8851852416992188
0.011920808686526736,0.013500886894637085,0.01405810595361472,0.014525270532277297,0.014917637493072535,0.015312267122445282,0.015887461567567252,0.016759749213453093,0.0013276598820782671,0.001663318459534083,0.001968123578162306,0.0023573180340757272,0.002876369043030723,0.003471807676433313,0.004153772772161246,0.8876959681510925
0.011826892486249758,0.013385416461963846,0.013908126287990145,0.014368341767828072,0.014791429825503417,0.015250723460306623,0.01583504810277059,0.016643024815453423,0.0013158596098824381,0.0016635964439573512,0.0019541273614774248,0.002334211280048897,0.0028720565516539296,0.0034714344700779577,0.004165581821993947,0.8885331153869629
0.011816844500300258,0.01330642100135084,0.013846408317386101,0.014368141700924446,0.014753026271909978,0.015191135261998032,0.01575613168353585,0.016537070956695762,0.001347891790698273,0.0017024401939075805,0.0020060452359794366,0.0023962292770042964,0.002936845458416826,0.003534924620229387,0.004217165126543655,0.8886227011680603
0.011687327956511116,0.013168241359569408,0.0136974239188814,0.01416117939282748,0.014552127612560285,0.01502368486288822,0.015637757180114387,0.016460110814081698,0.0013374662697816938,0.0016992758457809185,0.0020373120703279773,0.0024532187842961515,0.003034894371574575,0.00365901778041313,0.004356927128652932,0.8897709846496582
0.011530980117217659,0.012965885958687626,0.01349467756571593,0.01397491870103059,0.014407446458684876,0.01485537922743595,0.015489674437327015,0.016322202303192833,0.0013014489979254276,0.0016711113065079808,0.002016350184175302,0.002438115872919359,0.0030035685961093965,0.0036382060309853217,0.004364891550958357,0.8911619186401367
0.011444446220617703,0.012874548563652166,0.01337449150254028,0.013845003795142126,0.014252826792222482,0.01467585335877608,0.015263238097682144,0.016098514229360254,0.0012693193901066827,0.0016371867823279666,0.001992483518591232,0.00240871048711165,0.002934351051696623,0.003546197165543784,0.0042530745343126435,0.891933023929596
0.011341786944003217,0.012717334981317873,0.013187782953082513,0.01362698333030598,0.01398820131515413,0.01436242101971148,0.014901839472629406,0.015660889692579456,0.0012398053217767063,0.001578694031344921,0.0019003946459554262,0.0022920510508998076,0.002786673768501892,0.0033736980397893923,0.004076845765816242,0.8928494453430176
0.011237323353136028,0.012564962831410495,0.013065191952869145,0.013520163568583403,0.01387890531157805,0.014242437431707928,0.014847257582828252,0.01564009069192289,0.001278960070124379,0.0016458569464559106,0.0019493618948692424,0.0023455290418582333,0.002900104861869555,0.003505356173322658,0.004199225207169851,0.8937771916389465
0.01116634823808365,0.012503758163163157,0.01303389002177049,0.013511490912148446,0.013907276711078605,0.014327314666626028,0.014906239730340463,0.015739547544055515,0.0012634734889674266,0.0016595441923298016,0.00203700407285883,0.0025047394663396507,0.0030740605635875807,0.003726923360367014,0.00446766534136602,0.8944104909896851
0.011055229071791123,0.012310140602516405,0.012857279612961844,0.0132805208465467,0.013646654508731983,0.014044024577044477,0.014588270173329696,0.015345591226410785,0.0012107716246134905,0.0015836198999223485,0.0019389585475829314,0.0023613067550791633,0.002913954068815668,0.0035267532599293425,0.004257756935727316,0.895405650138855
0.010892865003434697,0.012080594054376236,0.012559270838695744,0.01295293608699182,0.013328863043175,0.01373774199574082,0.014266644894876062,0.01501842650901589,0.0012658714457894817,0.0016185867866683086,0.0019348295675182985,0.0023353351411795377,0.002863437896876624,0.003451102114084995,0.004144425828147818,0.8968564867973328
0.010684290670661211,0.011853557032366794,0.012327784761435255,0.012735218903432391,0.013113101403721255,0.013484387195070183,0.014040207973232976,0.014786660530751804,0.001206501917004184,0.0015558021475470026,0.0018599590343056304,0.0022357747987263935,0.00276837262014548,0.003368731384927576,0.0040358297275975095,0.8987252116203308
0.010512081371864887,0.01165361990430941,0.01213154106429129,0.012525092491798529,0.01288173126451897,0.013247586460627288,0.013760213548888262,0.01448617595614809,0.001158962211875803,0.0015125890046057075,0.001824720989072363,0.002206479149685564,0.0026951339033115594,0.003269670918734387,0.003944673913496512,0.9002739787101746
0.010356738179395295,0.011509657327574913,0.011987720946671585,0.012390046087579695,0.012719449912658845,0.013104235855015842,0.013606438030698885,0.01432423375873052,0.001110687182106153,0.001450846519835469,0.0017514410682699898,0.002109913596952403,0.002609819798457502,0.003177310024648403,0.003834350657984865,0.9016715288162231
0.01040085973625733,0.011526985622014261,0.01199758980009291,0.01240628673773422,0.012745735561004792,0.013144382202264035,0.013632953508133037,0.014350202027394716,0.0011285579252222973,0.001469555613819999,0.001757958643012978,0.002123934917327531,0.0026279324032240847,0.0031854837856910845,0.003835852669947075,0.9012753963470459
0.010398680355512734,0.011475271528417414,0.011916561389611627,0.012325407248554807,0.012686810740316757,0.013057913693916115,0.013593004458279722,0.014321229403669184,0.0011944351009146534,0.0015436288784650039,0.0018603960033318008,0.002254418358959333,0.0027850393770319044,0.0033711329077430042,0.004051679009038591,0.9012941718101501
0.010200953320521698,0.011232649657862756,0.011709215113209555,0.012132810071261243,0.012480495684476012,0.01287396804050163,0.013452788986742296,0.014201267781081023,0.0011474373690809063,0.0015198850145042946,0.0018266996048917673,0.0022096914336436524,0.002730248660250545,0.0033331026232202446,0.004032482445139676,0.9030774831771851
0.010208287313956805,0.011241607051907163,0.011740125690646445,0.012200278344780508,0.012552541624817382,0.012956490972226717,0.013543831318717212,0.014280281965981429,0.001203327001345278,0.0016082904505408573,0.0019014381336343008,0.0022980885310506178,0.002875115413858433,0.0035006326958787965,0.0041688470677895976,0.9030104279518127
0.009966969261767487,0.010957230140865852,0.011449371674646833,0.011856155012191746,0.01219819770116196,0.012566257556680878,0.013045607783176282,0.013770117522891524,0.0011105429882854725,0.0014552639063560601,0.0017275581393478695,0.0020835865263886724,0.0025838985048259547,0.0031537148662488467,0.0037883307521391395,0.905186653137207
0.01010886008101782,0.011064665817251108,0.011531492254950784,0.011958615326319479,0.012309952085267013,0.012669361550799925,0.013210325861218,0.013925322729730445,0.0011732283007566777,0.001575674575687659,0.0019039875404401258,0.0023011133726999816,0.002843588274536711,0.003455812433853695,0.004152611387197418,0.9039100408554077
0.00988643141557472,0.010849125056154398,0.011300202742570178,0.011695065080918849,0.0120299566574771,0.012416685119221105,0.012927123151644312,0.013638149417610683,0.0011048076304321739,0.0014760269686228498,0.0018025171112030845,0.002188958375642597,0.002705554285334417,0.003281552996800002,0.0039710649687433085,0.9059173464775085
0.009890904021057417,0.010830009545541372,0.011318161170490663,0.01172558398359151,0.012070512059160354,0.01241746278924974,0.01294484707442197,0.013646375159623246,0.0011214270090264102,0.0015159700680461396,0.0018818517801938233,0.002293654666705565,0.0028461945076984187,0.003452211344984645,0.004152921396574187,0.9058778882026672
0.009845827096565203,0.010731525975044327,0.011219036438649752,0.011617773791354915,0.011959939562913142,0.012308308923685993,0.0128281813980353,0.013516808077943848,0.0011564735316919156,0.001564010893706521,0.0019356249608977476,0.0023546615759732345,0.00292365006625853,0.0035552577689440565,0.00426580633228074,0.9062851071357727
0.009735690703245526,0.010613582551680028,0.011065270934843455,0.011499433515449164,0.011818444558265634,0.01218531927476427,0.012697105305363434,0.01341350692691225,0.0011556479753769607,0.0015630625075463093,0.001862676277355313,0.0022758879181411533,0.0028448196748892467,0.003447037917696667,0.004139486456960942,0.90728360414505
0.009438276235704068,0.010262827660499598,0.010731220295533589,0.011138250781630828,0.011455565108996047,0.011826427326057896,0.012308049723756835,0.012975848222822453,0.0010990632497250832,0.0014782797545194626,0.0017358220699760648,0.0020839857157031296,0.0026318915664949,0.00324134964633871,0.003872717196993555,0.9099817872047424
0.009240541432792891,0.010023936629295349,0.010475697932821331,0.010851207546112112,0.011140347771371656,0.011501981915046871,0.011966770375617827,0.01259700600747709,0.0010472163620721612,0.001397628501459003,0.0016615144996229647,0.0020131098313464057,0.002520224426932608,0.0030826388409844153,0.0037345644776467925,0.9117804765701294
0.009218573375206804,0.010002427400161922,0.010442225830723541,0.010807530175555836,0.011137675456326417,0.011416395073787933,0.011868166582351581,0.012536157843239781,0.0010227862569920543,0.001375157387318836,0.0016651546087128547,0.002023206905835004,0.0025148598884893987,0.0030727887193763297,0.003719401545195467,0.9119821786880493
0.00930117408835928,0.010038633448909028,0.010439835895191539,0.01081516829002586,0.011102292373124196,0.011416969776956321,0.01189532863973367,0.012555859054780568,0.0010723735027090469,0.0014271869302197337,0.0017106197285230713,0.002070977802228446,0.002581141522837809,0.0031432914989765245,0.0038064231726055594,0.911229133605957
0.009230949508295918,0.009964561653056932,0.010406438951139097,0.010772590424476649,0.011053856926333623,0.011420454180200493,0.011954889714918555,0.01267212886200208,0.00108424257173482,0.001459448511150951,0.001777072318575599,0.0021610589691685505,0.002726369742492233,0.0033668025700933604,0.004066956314173612,0.9118695259094238
0.009132927399668027,0.009881499359503339,0.010273037384254764,0.010618401256073204,0.010906434751520254,0.011237135950965111,0.011692299365194558,0.012358747106609922,0.001073979450897737,0.0014554971145459698,0.0017458613209351144,0.002120817738651025,0.0026351587890775918,0.003176270254733988,0.0038358991495286575,0.9127643704414368
0.009062154918457523,0.009758141125091399,0.010165631670743127,0.010494320099602645,0.010767924825751821,0.011073045166654619,0.011488026912364896,0.012112963149443219,0.0010375478878767803,0.0013865415922519736,0.0016854064156511415,0.0020636618049558165,0.0025472624785570987,0.0030781317364286494,0.0037232290614734997,0.9134118556976318
0.00904284216877487,0.009706645230652908,0.010130673034825309,0.010447859172066453,0.010752066578527893,0.011040588240029434,0.011480663009364196,0.01211792771463041,0.001046596833752462,0.0014162173588769605,0.0017016300900215252,0.002083713253991371,0.0025926370662872236,0.003145343471657146,0.003795199796105876,0.9135868549346924
0.008847418743552583,0.009499669526562546,0.009905155253932131,0.010235573948433102,0.010483272790106057,0.01079097477474598,0.011233579490321253,0.011847717553276807,0.0010067662625551626,0.0013522798465157198,0.001640758051314338,0.0019924304212885673,0.002463980508272094,0.003012235437579428,0.003642793649475181,0.9153686165809631
0.008700003286804816,0.009330740560987582,0.009722248713175455,0.010048086364261228,0.010294496130060267,0.010576522249966759,0.010961488762287178,0.01156603237394532,0.0009758508485124167,0.0013092760611262788,0.0015948597805869298,0.0019492967888361677,0.0024017452365822263,0.002919724305169751,0.003551082541344543,0.916719913482666
0.008761522833646748,0.00939782519232143,0.009797269788253989,0.010157642641452828,0.010433777444290393,0.010719355178200435,0.011154276554030602,0.011771637391963791,0.0010239712385968728,0.0014002122022587844,0.0017007224700767987,0.002093095154272587,0.002652694385260444,0.0032379256003232113,0.003874272579697246,0.9161565899848938
0.008498579565975,0.009113000609256603,0.009521051398431412,0.009872576895386282,0.010136638887803563,0.01047806644479835,0.010914990596899682,0.011522860990630256,0.0009962501556233124,0.0013785414134312157,0.0016461637611140305,0.002012296822486502,0.002539477740674709,0.0031146458252913223,0.0037224206032375694,0.9185651540756226
0.008441451887415114,0.009039854175514644,0.009465503501972365,0.009821841391650113,0.010140157548666803,0.010480965658871815,0.010959606449612061,0.01160819684014176,0.0010249823106057716,0.0014240919289364156,0.0017187774382055006,0.0021077662856891903,0.002664059739221226,0.00327931196500958,0.00393461646255018,0.919090986251831
0.008410653500168612,0.008991490976778345,0.009375081740645849,0.009730248840569647,0.010032288163197964,0.01033605715441784,0.01079383033895332,0.01141807461025739,0.000981902206937472,0.0013289203058288554,0.0016171719565335348,0.0019874305323217853,0.0025092182561805352,0.0030955447994097315,0.003765225809330892,0.9193718433380127
0.008263504443696452,0.008803066791910114,0.009170229065699208,0.009437072899205114,0.009672421638411704,0.009950471707064696,0.010343401430030463,0.010914624379540131,0.0009398251884814464,0.0012463267942771365,0.0015140563763853677,0.001820444807360068,0.0022606766873638235,0.0027713997847704777,0.0033797448958812737,0.9207262396812439
0.008084221053178664,0.008615413498798203,0.00898489466921649,0.009286606964037474,0.00953904466596918,0.00981011091659366,0.010206996280737598,0.010791934429595768,0.0009130557095914176,0.0012383426078642257,0.0015045733965607204,0.0018263971915951482,0.002277387223309941,0.002805045708662733,0.0034169535268637466,0.9223767518997192
0.00801102414551608,0.008515364814687659,0.00888423409425851,0.009168581810061778,0.009413481591526506,0.009696331800836505,0.010043768519504302,0.01061627999299303,0.0008863822133703665,0.001203927610960071,0.0014751620640859058,0.0018082824043352595,0.0022658501359750123,0.0027619853239468856,0.003349038722739878,0.9230515360832214
0.008035286517205463,0.008554246509918059,0.008941292361378268,0.009235071493720366,0.009515249689018686,0.00979694224367238,0.010204318476847125,0.010751168254248622,0.0009076847929996673,0.0012598109453515172,0.001533835388795294,0.0018843490617845196,0.0023711527801222273,0.0028927453539588236,0.0034882866097018374,0.9228285551071167
0.007887392889344532,0.008391829331715901,0.008812071026776374,0.009136482300581755,0.009453652292389661,0.009788892746774436,0.010224951056117561,0.010802273959021776,0.0009365717958821993,0.0013419685352229912,0.00160076378622039,0.001925924996083433,0.0024601962254304274,0.003018686360983736,0.0035910936668264344,0.9241921305656433
0.007836766618771184,0.008320078323987196,0.008694723765256028,0.008981086087949348,0.00921512901883334,0.009465562725307965,0.009810372825824852,0.010375527861945155,0.000886127946001512,0.0012164884268836141,0.0014795872172723315,0.001807034301637399,0.002263052204642633,0.002752633611060152,0.0033289563073855056,0.9246631264686584
0.007827779231122647,0.008279632388140617,0.008634683961418742,0.008930856782177884,0.009185604906644083,0.009496217263668073,0.00987460362389433,0.010461334558047028,0.0009166477097555844,0.0012774568377219467,0.0015281353848249422,0.001847601252974886,0.0023359671573747287,0.0028651035519360693,0.0034715502250074136,0.9247449040412903
0.00784688678190664,0.008259763596234497,0.008643770112533762,0.008934257267300127,0.00914638411717784,0.009449849616397511,0.00984058961121723,0.010401431408394066,0.000921049656390341,0.001275167526420118,0.0015352704446223448,0.0018943316908396454,0.002387263763833929,0.0029082462868907236,0.003511385408916859,0.9245675206184387
0.007737561076979846,0.008157808782677056,0.008523881726393394,0.008815866703738268,0.009106547197308202,0.009377455134383757,0.009807472989615366,0.010372517516315986,0.0009400026007282613,0.0013173185815714826,0.0015565214358796977,0.0018991479443179237,0.0024317782899044983,0.0030159613600483645,0.003617763730010601,0.9255790114402771
0.007750026745602539,0.008134195805599393,0.008463917190980429,0.008722698166715576,0.008971193969651103,0.009237030620125408,0.009610545384362089,0.010167492248795248,0.0009783082751412986,0.001325831388559205,0.0015682130801155912,0.0019001619244364376,0.002414705107609431,0.0029798360058554897,0.0035952979215869195,0.9254631400108337
0.007705743741620369,0.008125941781483917,0.008503025519326078,0.008815036172216588,0.009076601522739487,0.009413663601433789,0.009851279634016531,0.010454020706892816,0.0009852905886291656,0.0014326739178261772,0.0017796481711796236,0.0021774786778471686,0.0027496388464262993,0.003319651638518279,0.00393972285468169,0.9258731603622437
0.00753853958388571,0.007925837931006846,0.008302632385632808,0.008564369696559328,0.008792798788057835,0.009051881253920018,0.009421807075991774,0.00997366432589714,0.0008889586962634064,0.0012326117266308178,0.001526785418642089,0.0018775640864564915,0.002325670664458965,0.00285465909224568,0.0034766251892353146,0.9274209141731262
0.007553810024201268,0.007900894942508402,0.0082687356405788,0.00854979605486096,0.008734537615920558,0.009024755285444485,0.009389347675874177,0.009892651674522695,0.0009020727253221101,0.0012484546186345997,0.0015203762460838665,0.0018834756517952138,0.002388760640665337,0.00291764024231169,0.0035092386156822296,0.9272803664207458
0.007451268918624129,0.007814775587934437,0.008160324655598662,0.00842097216985041,0.008683000319333188,0.008944489618744512,0.009275026428779769,0.009814891951654093,0.0008696260934175064,0.0012260593850203234,0.0014876980171460495,0.001823264860896149,0.0022979123348539528,0.002828300219995004,0.003412056139823965,0.9282309412956238
0.007275489767580623,0.007640863388074367,0.007987256092254561,0.008235729287569772,0.008431919320464536,0.008682424482271727,0.00903934293523782,0.009543736785750597,0.0008341492213283725,0.0011491305837627213,0.0014146878424818668,0.0017449287766659702,0.002206212589485878,0.0027233300310393377,0.003313813980681326,0.9298617839813232
0.007157920910239922,0.007505763435002529,0.007851630609846276,0.008068714223124765,0.008276705172928897,0.008505036925225948,0.008847774936494603,0.009328881001432336,0.0007985553236973005,0.0010950375906495936,0.001340352644773846,0.001621107839875751,0.0020646519745740827,0.0025672060597424556,0.003137768774923652,0.9309545755386353
0.007084632267930893,0.00739245375599524,0.007739313212709395,0.007986335110182714,0.008164536957989637,0.008428058725615544,0.008761104856075261,0.009241446702167241,0.0008066153611598994,0.001114852892655114,0.001342796285947164,0.0016612375098647492,0.0021193833965243714,0.002609057483649013,0.003167465903642603,0.9316356778144836
0.007079571720701877,0.007388205419887196,0.0077333334921185016,0.007985876565830476,0.008174985401357464,0.008438195268112401,0.008796788762113462,0.00927850305030643,0.0008366475308232436,0.0011583224791870373,0.0013853339936195398,0.0017063900289009718,0.0021818177379441983,0.002695882859755847,0.0032839020118368193,0.9316846132278442
0.007114805944690399,0.0073955860151987685,0.0077758750730893425,0.00802082316542314,0.008274856641236379,0.008553571462229848,0.008917851610617204,0.009472458812122794,0.0009138837149398094,0.0012930589568133305,0.0015711523993850156,0.0019148656766021291,0.0024462776503177603,0.0030089595452302232,0.003615230552676551,0.9313576817512512
0.007028295350282983,0.0073329676180977615,0.0076655498959801414,0.00793172603705114,0.008170566369186748,0.008479757009933291,0.00887051636622811,0.009396748826760636,0.0008553382780666304,0.001232509908300859,0.0015184374005605878,0.0018768412735225375,0.002417057275972784,0.0030058809954309302,0.0036201483824036336,0.9321620464324951
0.00706808063380345,0.007353892460816637,0.007692412655762952,0.00796152448614037,0.008235314192394616,0.00851507863211712,0.008906499073160216,0.009456590289620037,0.0009360181957934842,0.0013477713860546299,0.0015627306293357502,0.0018948912068649573,0.0024707883320472857,0.003066349992848406,0.0036867377357651487,0.9317925572395325
0.0070999195052919165,0.007354864618593595,0.007717072125837859,0.007990022515407716,0.008215214357231602,0.008497450879527262,0.008872443673385915,0.0094380044475549,0.0009495100056633403,0.001345019251961098,0.0015925593322977073,0.0019347072312426486,0.0024844015788550327,0.003060956394632256,0.0036672691203127003,0.9314992427825928
0.00706277918039197,0.007376373772468631,0.007743230060696201,0.008058380272854057,0.008345090078585075,0.008701802183080603,0.00914011977939092,0.009743861492836113,0.0010782185916848456,0.0015942651928976329,0.0017727187486610027,0.002089879686884607,0.0028252964481861906,0.0035233377682841586,0.004082672511186664,0.9318444728851318
0.0069090729569922195,0.007193695846631471,0.00754267348584904,0.007775848276085324,0.008039670259462863,0.008283957939356665,0.008659980774728538,0.009214599601146749,0.0009018104636307918,0.001268924766467878,0.0015399343324731096,0.0019366235418953879,0.0025032267262939654,0.0030949921996304484,0.003760553698246728,0.9332739114761353
0.0067736885820825895,0.007068033175235646,0.007394389597454456,0.00763371910410698,0.007836868701759814,0.008076140500278987,0.008418131195736252,0.008879890877389747,0.0008424566186939425,0.0011956136573344368,0.0014642177657647566,0.00182635974302035,0.002341874629911349,0.002856336586704158,0.003453564626299572,0.9345383644104004
0.006606873069021236,0.006857702898658085,0.007181208166811202,0.007385112641234992,0.007583157487389214,0.0077893964118427705,0.008097484436902133,0.00855947292412973,0.000774874666122475,0.0010754542393917187,0.0013360754771766438,0.001646910804740909,0.0021082870386264943,0.002618936311315607,0.003210960682293381,0.9360958337783813
0.006451034210685026,0.006685245819766112,0.006985356169517594,0.007177760258868888,0.007356068286229464,0.007562937013027243,0.007869167319853298,0.008297183201569901,0.0007311730046665628,0.0010184726818944468,0.00126593801183532,0.0015795760559112536,0.002004656762587101,0.002484881476521091,0.0030471080381059487,0.937554657459259
0.00638316625396812,0.006608987341224144,0.006894462984619719,0.007114940169283036,0.007306966125363051,0.007495535589027083,0.007817462056574196,0.008283929632167623,0.0007430163867495678,0.0010685820157580103,0.0013204208841729244,0.001640997864682265,0.002098626742509479,0.002598243774940269,0.0031655369182227036,0.9381923675537109
0.006343042219578216,0.006561146746781539,0.0068724847050628275,0.007074852995198182,0.007259274050844237,0.007515040516652643,0.007850137648959754,0.0083416502082388,0.0007562157512965427,0.0010789953046776229,0.0013331089043356352,0.0016467506812277064,0.0021307676077290416,0.0026848444733956847,0.003253588697524986,0.9385682940483093
0.006323646899839544,0.006537976213777909,0.006836919270781957,0.0070536485374575915,0.00724049469437262,0.007472641033556325,0.007793997263266181,0.008250048922167883,0.0007780088870613664,0.0011141442809793282,0.0013180344092725504,0.0015990163654289664,0.0020745632448782424,0.0025968366725878282,0.0031442641961052765,0.9387495517730713
0.006247784154684054,0.006439599585452867,0.006733604181896557,0.006928918011461444,0.0070878047834743154,0.0072984517975287,0.007581999225648566,0.008009677603589966,0.0007326673779022012,0.0010329161203068114,0.0012574270568311416,0.001566411459486091,0.001998587394202197,0.002463562569584108,0.0030065086754885585,0.9394606351852417
0.006288702079794223,0.006473394505905382,0.006758610813906699,0.006949808922680941,0.007110664494310566,0.007310436073979143,0.007559685855602174,0.007979601245335859,0.0007679597891691558,0.001087031302101885,0.0013329414268234362,0.0016334309408861378,0.0020622568901139077,0.002513033056299293,0.0030318413117919303,0.9390775561332703
0.006298113114166039,0.006478578705177564,0.006753790679604116,0.006947436211285768,0.0071014539812149025,0.007315871922255365,0.007590390882307432,0.008015847331546373,0.0007829905936011562,0.0010976706935650973,0.0013530305740407822,0.001673135803604768,0.0021164891607933977,0.002626586069512849,0.00318265863339909,0.9389908313751221
0.006221608340940893,0.006390869913478492,0.006694325463539021,0.006875672740767701,0.007062246542587023,0.0072708194354166485,0.007591409916026825,0.008049179658745274,0.0007944016388118869,0.0011377017568759244,0.001337711508025224,0.0016228586761437682,0.002123116897513168,0.0026323454222494506,0.0031440453296558623,0.9397091865539551
0.005994398666464219,0.006167661185417111,0.006452768092805689,0.006644581564347752,0.006822807033254642,0.007033339659573655,0.007338474826379256,0.00778478681037723,0.0007478488960400575,0.0010463667550572643,0.0012549773824435692,0.0015361164367259151,0.001970933103049644,0.0024441468344393,0.0029618873464740086,0.9418445229530334
0.005955933488792542,0.006148791804859534,0.006417980273363968,0.006598815753403738,0.006785683223494777,0.00700762567897437,0.007288886531434878,0.0077622197543330464,0.0007124208760532466,0.0010348283569720457,0.0012784077563269772,0.0015813806743332833,0.0020462708967904047,0.0025760303668502203,0.0031310991857589694,0.9422063231468201
0.005972080341280008,0.006151042738145449,0.006414170924461249,0.006589971583098274,0.006784436437818739,0.006985291497474568,0.007296506097220411,0.007745613769850747,0.0007162720604677393,0.0010035000177043858,0.0012408561841506349,0.0015455859967253426,0.0019912160142804636,0.002493108929407717,0.0030514247138492185,0.9420541524887085
0.005893290659995994,0.00604493187031762,0.006313324079971121,0.006507144487064695,0.006689502599865499,0.006895915260820677,0.007203982449340499,0.007623367553407496,0.0007106225968962567,0.0010258355526008992,0.0012666092903325051,0.0015789320284770394,0.0020234409519016543,0.0024939956939983047,0.003027470429939052,0.9427958726882935
0.005854360943641325,0.00599314656723228,0.006273371136750436,0.006467397796987283,0.006643938596802529,0.006881406175769138,0.007173737843430002,0.007588364469884622,0.0007343328404255989,0.001065811232635469,0.0012971797192889432,0.001601787416973098,0.0020683940098642902,0.0025478318032592234,0.0030768983718321378,0.9431635737419128
0.005803147702468465,0.00592928381780984,0.006212059732037361,0.006404179414916119,0.006641139381060295,0.006882519448044324,0.00723065035511749,0.007656515858791493,0.0008109562939365303,0.0011853259658873682,0.0013582320300617604,0.001629451822853249,0.002156646293823165,0.0027115041760081794,0.0031820662495263097,0.9436464309692383
0.005783075163837033,0.005949481935412795,0.006233850738616905,0.006413542998559547,0.006584793248963276,0.0068213945587074715,0.007111911596071841,0.007527549228684268,0.0008500244412006754,0.001260970939916593,0.0013720099409722318,0.0016488467302386608,0.0022031648918635115,0.0027350379310874424,0.0032356419421807683,0.9438356757164001
0.005647961512483932,0.005798927370948021,0.006076893857633225,0.006251738534029887,0.006410377254389753,0.006614985174000865,0.006918529473771953,0.007332317325402591,0.0007197750838918718,0.0010346837705534316,0.0012316742353768461,0.0015035345924623085,0.0019475962778534553,0.002424312325238379,0.0029476148587485357,0.9451106786727905
0.005688741431894527,0.005826682614959049,0.006091020394254614,0.006314776792670741,0.006482948618705827,0.006716671420468224,0.006996951565798685,0.007449150968480993,0.0007614078282406836,0.001100852900507675,0.0013167174501651866,0.0015999253425333234,0.0021318988655050996,0.002639635885604704,0.0031521630106550276,0.944726288318634
0.00564540007342945,0.0057457292019718826,0.005997409468347376,0.006175152581147474,0.006335615710377292,0.006550340931423586,0.006808536176127616,0.007220873562775878,0.0007536105598363812,0.0010764353867833462,0.0012792095924517523,0.001570535836245877,0.002037883188688394,0.002489041667494308,0.002998521851269083,0.9451347589492798
0.005494910837950731,0.005619173449297947,0.005861553288870789,0.006030866880007465,0.006169857661732118,0.006364334989276398,0.006621096757325259,0.0070103862871626005,0.0006796675373608817,0.0009586360161302467,0.001163473043603327,0.0014330778383847438,0.001842921376479194,0.0022688848966801608,0.002762321162003058,0.9465562105178833
0.005507206499125018,0.005628653272033139,0.005888864985018065,0.006057335491533633,0.006248358775068213,0.006460176077153948,0.006787274727716992,0.007214839340059042,0.0007101923735304312,0.0010559493657013382,0.001292135145026024,0.0016015003915085936,0.0020862481008073696,0.002601274795303441,0.0031584783535613756,0.946441113948822
0.005673513373341223,0.005789210950886762,0.0060700551929698645,0.006279674016867422,0.006483271286543772,0.006762761374314626,0.007099031634402998,0.0075675897726707585,0.0008183991868889292,0.001237219111736776,0.0014772693893122754,0.001838303805150167,0.0024578077072647687,0.003054311038669111,0.003639227294861668,0.9448711276054382
0.005456100551329979,0.005570508966140876,0.00580961927520707,0.005982140494316114,0.006143731822068442,0.006330363623020223,0.0066174442519242515,0.007021945534330426,0.0007254015278033536,0.001055588749447455,0.0012608385685618077,0.0015403936883616528,0.0019893120422407435,0.0024624069481586366,0.0029816252414626306,0.9469258785247803
0.005318465077565977,0.0054063476295984954,0.005653375061072083,0.005813381883632455,0.005939590223509856,0.0061343497399127846,0.006374703162045591,0.006728781373412521,0.0006720616410075614,0.000954231279917839,0.00116380150194722,0.0014412813553404727,0.001839535631966912,0.0022451375871395023,0.00273248969454958,0.9482282996177673
0.005254986472678707,0.005362769454617292,0.00558804080442146,0.005769381002344266,0.005939269562562307,0.006119439276781949,0.0063693762728662204,0.0067606394038055885,0.0006906134399400416,0.0010084117571462685,0.0012011531075644573,0.001466322903480594,0.0019016929974258949,0.002343535975173668,0.0028191846152548035,0.9488297700881958
0.0052533302217822285,0.005351833412141511,0.005585121325772218,0.005739038244441703,0.005871322038599136,0.00604833220994031,0.006263807436031123,0.00664110794813946,0.0006490930030592765,0.0009249783237072755,0.001142130614029438,0.0014010744025109191,0.0017982016270509874,0.0022302884169499884,0.0027234697382056755,0.9488450288772583
0.005208758055938013,0.005307463212848111,0.005527079165583909,0.00566346629801824,0.005829520262652375,0.005994135367147851,0.006234353414488963,0.006626748351336328,0.0006443239522702767,0.0009238018237229951,0.0011445729488425383,0.001442540675301343,0.0018649564798833545,0.002329291838537964,0.002867708733988932,0.9492692947387695
0.005203575548725297,0.005298412097022189,0.005527766199425014,0.005673610963403978,0.005804756148294969,0.005976741236669046,0.006228489616904596,0.006574584428308789,0.0006742483004927635,0.0009722097366044819,0.001181826712281415,0.001497294893017923,0.0019502877888053355,0.002394979375630918,0.0029026817593108926,0.9493180513381958
0.005210567443233347,0.0052861557012856605,0.005513572988887427,0.005667940680226091,0.005791829074874069,0.005972467162191667,0.006194232318939183,0.006562522756130206,0.0006905944381373298,0.0009721311160460466,0.0011775892516378602,0.0014776447806695496,0.0019391989479662995,0.0023901745024754945,0.0028864114147043388,0.9492512345314026
0.00513468375993949,0.005208793653783573,0.0054278618458545565,0.005556410586191749,0.00569669874228211,0.005855852034356859,0.0060886963198481985,0.006439770938772143,0.0006463066985209783,0.0009323326858256,0.001139718534343371,0.0013962306822289522,0.0018116513386318579,0.0022501060055562542,0.002726988895774289,0.9499720335006714
0.005034937521737533,0.005110682040352613,0.0053244874884785225,0.005452098569484672,0.005597065459397505,0.005760845662367464,0.005988307658470038,0.00633297372446317,0.000660336504906717,0.0009604400989634019,0.0011507891871110358,0.0014154412128307202,0.0018159182284416173,0.002237269119281159,0.002727530216829544,0.9509188532829285
0.005014350998720236,0.0050867685615414325,0.005292631715837151,0.005439455777105659,0.0055738212885680025,0.005751900655854029,0.005974905438696094,0.006349879698921936,0.0006524664180522615,0.0009473531020911856,0.0011496455969934912,0.001429691841756856,0.0018715874665112607,0.002312724159321801,0.00279953487543546,0.9511157274246216
0.004878726463626932,0.0049452748312693254,0.005165484063452743,0.005295898401576662,0.005432363652219676,0.005618268662831599,0.005868555630497659,0.006220859695564617,0.0006234635307331278,0.000894888943243107,0.0010950910956018702,0.0013864434904321678,0.0018161573055316303,0.0022630798671181354,0.0027804124836969856,0.9524043202400208
0.004775529502818882,0.004836624027904035,0.0050425429862958416,0.005167577849694775,0.005295590890778436,0.00546590549877597,0.005683093324855522,0.0060014185329479,0.0006060308177864511,0.0008551606011611444,0.0010393526894275588,0.0012992031144774723,0.0016850597115377786,0.0020883918536030483,0.002528701430368504,0.9533868432044983
0.004703034116237453,0.0047586213333237455,0.004960903495249122,0.005074414595811054,0.005206610197170013,0.005330200428111786,0.005546746611193776,0.005841088997394549,0.000566869749929066,0.0008045540677276926,0.000980287225860538,0.0012023313836467386,0.001556533538683095,0.0019647529944526627,0.0024078757724778016,0.9540783762931824
0.004745654425323511,0.0048050502635011766,0.005023436790162867,0.005139785889623944,0.005271079303439619,0.005441692070126132,0.005637743828272579,0.005969984613685094,0.0006081728158073394,0.0008899125135707534,0.0010502835547532697,0.00130287891736737,0.001743347128784215,0.0021742265119596765,0.0025890493683943445,0.9536718130111694
0.0047409961329340335,0.004810362361898326,0.0050292087424082385,0.0051688001814113324,0.0053095597911764075,0.005504948688476575,0.0057405841571313366,0.0060840480807253005,0.0006448207241216493,0.0009589432033173965,0.0011426244526850655,0.0014314818092518384,0.0018846334080503445,0.0023319879728635954,0.0028018081102909064,0.9537163376808167
0.0046659197749237625,0.004721583167611549,0.004921136234545146,0.005032368169890509,0.005169703738657313,0.005308979463697684,0.0055217763590892956,0.005857905188594202,0.0006230438040312292,0.0008884965112865574,0.0010781957777311103,0.0013383877335072366,0.0017223469574343074,0.002119592404124713,0.0025993778900265294,0.9544317126274109
0.004600575271529782,0.004653950281416125,0.0048518843898668835,0.004965504707912805,0.005081869576515172,0.005224868539808575,0.005443325633753831,0.005745433607085385,0.0005769123376569764,0.0008181519775027378,0.0009730743526509313,0.001199546798762649,0.0015735266197109063,0.001967987484652988,0.002395758459262976,0.9550556540489197
0.004601408340827082,0.004659644376348566,0.004863590950315649,0.005007198964706575,0.005152127232013728,0.005340214821224662,0.005590086181958516,0.005970628042815109,0.0006088310454404514,0.0009210789256324671,0.0011285299566960094,0.0014184865761886942,0.0019157620353831184,0.002415805372726235,0.0029492125818223664,0.955048143863678
0.004654052789614658,0.004719789233372268,0.004921360710253218,0.005052746150028023,0.005236201078602762,0.0054034208057304025,0.0056660570530377655,0.006017068986740176,0.0006488200057586436,0.0009753229736228181,0.0011774284445276164,0.0014913349114483855,0.001980384922137967,0.00244157327596186,0.0029329286631108935,0.9545455574989319
0.0045879956949439514,0.004655793715607036,0.0048618925741625955,0.005019632162469806,0.005181161499886401,0.005410624689325339,0.005709478615309654,0.006089096483758804,0.0006517491513480643,0.0010025718672709032,0.0012465432198461056,0.001544744796072594,0.0020260000294105773,0.0025136153668365896,0.003014644940292795,0.9551762938499451
0.004478797963459785,0.004545502409790502,0.004723670173072654,0.004841048629195602,0.004972335455393551,0.005147817063612569,0.005369958983928668,0.005704832508507803,0.0005777090750258378,0.0008647119080779529,0.0010463732837225853,0.0012816275059173404,0.0016880095920679143,0.0021360376429577868,0.002568419300245516,0.9562186598777771
0.004518447290190342,0.004570382203818973,0.004773101403757378,0.004888763105628466,0.005029232719731251,0.005199525924242707,0.005425012974626689,0.005770432542670857,0.0006099550486213029,0.000914730622687123,0.00109455828062613,0.0013693489084139416,0.0017939497224409573,0.002218316397582642,0.0026459171289346032,0.9558404684066772
0.004475083694752519,0.004527511881658124,0.004707408515792905,0.004837176986414977,0.004973129872922544,0.005165358264036853,0.005411631114755817,0.0057716887607317585,0.0005911649261234385,0.0008790910381961752,0.0010752340847695315,0.001366474103144925,0.0018298699134829067,0.0023078248983481116,0.0027766047779357794,0.9562554359436035
0.004541311887177554,0.004587190600758048,0.004773002750042713,0.0048968216536020995,0.0050380099451903144,0.005214248828414313,0.0054432931271466345,0.00577210697662148,0.0006549474102780473,0.0009748479420388186,0.001165401777534774,0.0014362269843166526,0.001893431368450123,0.0023459215093441683,0.002779702080871521,0.9556216597557068
0.004425441807681563,0.004458106291615201,0.004641470054685066,0.0047509372108913836,0.0048715868933433635,0.005015662794161325,0.005209439350699736,0.005514248382764232,0.0006167751624051368,0.0009168060879012952,0.0010787019261507072,0.0013056103804898183,0.0016897781730099558,0.0020968164496048534,0.00254125325918599,0.9567290544509888
0.004394519599374095,0.004422459914427414,0.004600707820368937,0.004702899923629632,0.004817560902147582,0.004950584120019919,0.005139513128132932,0.005424882426406398,0.0005558508109639992,0.0008181696274766215,0.0010559236448922944,0.0013448918232010672,0.0017227728760202325,0.0021480250150366664,0.0026161342683665278,0.9570247530937195
0.004384169617498463,0.004424913598832859,0.004598418465166381,0.004705823395990763,0.004846846716171162,0.004985563612546182,0.005180928442213271,0.005493135745276506,0.0005879215350506282,0.0008770824444514734,0.001083059332361727,0.0013759562814677202,0.0018070924701012346,0.002213075375717497,0.0026836870169198073,0.9571231603622437
0.004393931664212886,0.004435187834079819,0.004609936874623251,0.004735663171970483,0.004879937634524272,0.005044529970848199,0.005267663611105395,0.005595355749330938,0.000632529851262417,0.0009546785844295514,0.001169417762144246,0.001443476423069283,0.001886272410351018,0.0023438551209189677,0.0027992126741995314,0.9570305943489075
0.004345014095870834,0.004359307599188102,0.004523016103490033,0.004636221840626463,0.004766097970883855,0.004915513943642478,0.005139051723961879,0.0054450753511804525,0.0005818491397105684,0.0008408082015686966,0.0010328929626730956,0.001313505878026036,0.0017334991482773213,0.0021468864107874507,0.0026087381121285436,0.9575000405311584
0.00414529463075578,0.004160141681480889,0.004340603940113626,0.004405652731657028,0.004524232956395808,0.004645789048386744,0.004821424670392014,0.005081695247980882,0.0005201971562899122,0.0007621754976836118,0.0009090934387762539,0.0011245229729899653,0.001479101421857121,0.001862624177226314,0.0022520139725621703,0.9594125747680664
0.004076903126820269,0.00411359124161579,0.0042904513953912135,0.00441836397405024,0.004555978038997361,0.004735071962128585,0.00498040853827088,0.005296712576941609,0.0005879411881519889,0.000894470734879224,0.0009869673474368825,0.0011987826250719302,0.0016879030751058147,0.002141289588578221,0.0024844913169591114,0.9600669145584106
0.0040819638139044595,0.00413121202026152,0.004273343753533733,0.004368644875007045,0.004495045587872014,0.004628857405799808,0.004862695247536958,0.0051669734044107124,0.0005730044055943336,0.000840577936608984,0.0009576028200361865,0.001156254139060926,0.0015409916614241874,0.0019576446501293567,0.002366737254992479,0.9600173830986023
0.004029381748991282,0.0040620401727430745,0.004220457427730464,0.0043241792179719366,0.004430658663764145,0.004599623341953714,0.004808225816347784,0.005123217208216888,0.0005456623897232392,0.0008288550231392536,0.0009364949984582586,0.0011162815421117275,0.0015131010100094958,0.0019482383159575639,0.0023309328113541457,0.9605226516723633
0.004048463932680662,0.004074943329047675,0.004215087721544484,0.004314981335742706,0.004418589415574314,0.004566915824959173,0.004776775591100507,0.00507887374070357,0.0005493818045364887,0.0008026623283120919,0.0009152934243683061,0.0011262356488642468,0.0015050298361866563,0.0018876612449836249,0.002278488372712826,0.9603402018547058
0.003974979622791261,0.0039981591129543805,0.0041544079303942145,0.004239764925004657,0.004342275416409528,0.004484847652089315,0.004664684114632783,0.004976154231663906,0.0005025458766730747,0.000734203312583644,0.0008619639759111887,0.0010745775794942772,0.0014375859840149029,0.001828824333620794,0.002272436937147921,0.9610454440116882
0.003933096586127675,0.003962981911620709,0.004107103210808051,0.00419699976139197,0.004302975191712781,0.004426964241948593,0.004602202514707039,0.0048680222696728176,0.00047782148745676085,0.0006969124743533054,0.0008536394798394405,0.0010802623762526497,0.001441198349099368,0.0018065284159950133,0.002195701424521629,0.9614471793174744
0.003913664457510517,0.003933857127973929,0.00407914812817718,0.00415290411473926,0.004251191584449826,0.0043601045303473165,0.004527008563581139,0.004765785262239501,0.0004650923260409222,0.0006687332239466082,0.000829578542874919,0.0010594248200958025,0.0013717039202901249,0.001702499355782162,0.00210606347807128,0.961633563041687
0.0039001589528087416,0.003928501502632693,0.004072069785610996,0.004163866201635161,0.004265410440538066,0.004376455943291436,0.004536599904198438,0.004779354598285373,0.0004942145715985033,0.0007310931385817752,0.000900862273142394,0.0011405647415605057,0.0015035426124980554,0.0018561801575249694,0.0022549508986147966,0.9617644548416138
0.003889091399746009,0.0039016055012190782,0.004058407046377458,0.004139864040845973,0.004248002487601656,0.004372853163617227,0.0045452961089835825,0.004812938326135629,0.0005104726914203528,0.0007580412627019063,0.0009294883859177631,0.001171307431326972,0.0015372790496558052,0.0018932314733864884,0.0022999416296730943,0.9618709087371826
0.003962214173034134,0.003987113050238452,0.004150754434091073,0.004259593393465485,0.004395371740715271,0.004543430445972918,0.004758332285917166,0.00504156744189134,0.0005710025945120186,0.0008642264651228683,0.0010121531684189934,0.001245040676685094,0.0017078080336854916,0.0021144758420761187,0.002477438846973056,0.9611690640449524
0.0038706502469526196,0.003902288787192367,0.004065209130446116,0.004146114932467239,0.004277224818664769,0.004413153767987133,0.004617118255959617,0.004912324914526859,0.0005585059181783938,0.0008230013653686151,0.0009399167001749129,0.0011570261496586431,0.0015641608121820573,0.0019330370970546999,0.002348932588742638,0.9620473384857178
0.0038799836654655057,0.003917566626661956,0.0040636905465864575,0.004167740789527444,0.004288872808017314,0.0044414522094959365,0.004670213546716806,0.004983630518018196,0.0005615057677707889,0.00086789666878856,0.0010102230453431003,0.001231199943206527,0.0016542300017494144,0.0020829287040915953,0.002519510441807785,0.9619591236114502
0.003869589377407875,0.0038957087555116275,0.004058054561165447,0.004171726308286391,0.0043004827116073585,0.004464493957834212,0.004690106366118197,0.004982165360089504,0.0006085107592169684,0.0009378062297750001,0.001083683279603218,0.0012965061265962693,0.0017408548029584916,0.00217622991538409,0.002601301736552707,0.9620587229728699
0.003907366792799949,0.003916832004432325,0.004073597576080348,0.004148356867358339,0.0042779801469860655,0.004419247221565407,0.0046200294285912305,0.004903003224720457,0.0005827987240470619,0.0008536146796913661,0.001021330976727033,0.0012649547440385578,0.0016397702372836745,0.00202513061689608,0.0024739250766508507,0.9616955518722534
0.0037696268302874533,0.0037982180965468538,0.003943795347053194,0.004020301596283512,0.004115941061917379,0.00424504411541653,0.004427064032064945,0.0047011544357245215,0.0005066429017117931,0.0007516313156094214,0.0009225210419507942,0.001178082758529419,0.001551614322947332,0.0019275446946071053,0.0023558200484373754,0.963019609451294
0.0037781724005448397,0.0038033934956046467,0.0039308789829011715,0.004017275235668979,0.004108914120831473,0.004236709931081393,0.004403679233408135,0.0046617242724004415,0.0005045406608168123,0.0007482796919967992,0.0009222968409358451,0.0011669151698198382,0.0015242621076829506,0.0018909517788525784,0.0023175255141474984,0.96293705701828
0.0037423351658853114,0.0037491787362981728,0.003892660597558776,0.0039840332812532435,0.004081747317153597,0.004213495414566111,0.004379740111554913,0.004607583088204516,0.0005089255197205728,0.0007584884674962522,0.0009574326413749444,0.0012196532529010517,0.0015765728084025559,0.0019196963834541816,0.002311092986402287,0.9632823467254639
0.003721958230114746,0.0037681759005845196,0.003913661438708353,0.004026539794323019,0.004168815662463506,0.0043241002242573184,0.004534742504558981,0.0047884819935066535,0.0005336515411032169,0.0008414422045853804,0.0010858207984956025,0.0014077801696379176,0.001880268504222234,0.0023560766055427417,0.0028020343144333324,0.9634785056114197
0.0036479106745196613,0.003668221863933685,0.003806515226159433,0.0038878247718819063,0.0039989577574962715,0.004138809076262644,0.0043223571095001015,0.004553713554184043,0.0005110795747626711,0.0007827217806669999,0.0009357251603193958,0.0011514486663469963,0.0015391600158328961,0.0019231855994723862,0.0022727694751236978,0.9641914963722229
0.003540023314995497,0.003553413060377744,0.0036760843261725174,0.0037363352950173195,0.003818546591784416,0.0039309593663873895,0.0040637888114661075,0.004284700957010892,0.0004558956617433013,0.000652774862995252,0.0007963473660877658,0.0009919429749802307,0.0012852918896008821,0.0015988929717729388,0.0019475872142347022,0.9652312397956848
0.0036536167541939,0.003681058617252292,0.0038197741439246168,0.003921516302358422,0.004050152824081556,0.004214550293856598,0.004402983948738888,0.004666897002294008,0.0005327643074019991,0.0008453108188429666,0.0010153583034571976,0.0012282190731529035,0.0016366357265999822,0.002087271692676576,0.0024814748841805088,0.9641368985176086
0.0036315638132970343,0.0036556546836589723,0.0037871607500896713,0.0038600109141282363,0.003959399627314674,0.004086242317651659,0.0042560781041781105,0.004488968269692527,0.0005141099246990199,0.0007807497192261997,0.0009447593141585488,0.001172948329511917,0.001536739812003643,0.001905179525465275,0.0022434110329909757,0.9643489718437195
0.0035334745313821718,0.0035421326555788316,0.003655704452032192,0.0037240079256019207,0.00382093203188193,0.003928227092982944,0.004087274132754265,0.004309532216903738,0.0004956239702725651,0.0007175379655377231,0.0008514874661811674,0.0010568985169885135,0.001378674315984803,0.0017059958053859397,0.0020521237455333524,0.9652940630912781
0.0034407694316045804,0.0034647548113407108,0.0035780573357837367,0.0036598706135043393,0.0037461216677519608,0.0038676792448417907,0.004027276109866421,0.004266912189095911,0.0004651154711315728,0.0006997660078384259,0.0008433700504678267,0.0010395556387275157,0.0013793866667482588,0.0017337769897096487,0.0021035578377820827,0.9661890864372253
0.003436777855642767,0.0034636071108607733,0.003589683176592143,0.0036699477068904275,0.0037806616011091354,0.003910282989242663,0.004089801507666456,0.004321632817738787,0.000486157396776909,0.0007533764874292946,0.0008808708589787435,0.001088500752267412,0.001476021264036898,0.0018808187120390259,0.0022382390142891943,0.966227114200592
0.003390770273044806,0.003409671512517062,0.0035237486565153206,0.0036002967117812097,0.00370486698768757,0.003831969580365351,0.004022835689261305,0.004257698901474275,0.0004867852455387613,0.0007312612608075142,0.0008275279787804944,0.0010031550482969092,0.0013695075267593467,0.0017301401932432194,0.002056235052419431,0.9666715264320374
0.0033541728513509735,0.0033583338689121734,0.0034790416684014227,0.003536050006596729,0.003626210887223382,0.003723563369275745,0.0038785115762391075,0.00410363749171347,0.00044382356941348775,0.0006594205707913698,0.000754439996348487,0.0009351714216298126,0.0012506771606929374,0.0015682011504064906,0.001896877080101758,0.9670261144638062
0.003384539398116997,0.0034011194275485146,0.0035246120408327893,0.0035999319343655196,0.003707878477244265,0.003839166535171194,0.004023695102444402,0.004281074807098016,0.00047109422182996664,0.0007223371410058805,0.0008340305639336807,0.0010145990573095552,0.0013881165220681264,0.0017883162105123604,0.0021311095015769856,0.9667322635650635
0.0034057697858222405,0.003419482712994521,0.00353064770851071,0.003586403870020651,0.0036583598515000006,0.003763794046058398,0.003891283045413117,0.004091924433957045,0.00043846344079834844,0.0006411928815221546,0.000772525599031938,0.0009668789904326301,0.0012732134115966884,0.0015788768327196037,0.0019116450464886046,0.9665279984474182
0.003341434784359001,0.0033528001646602195,0.003465386116344118,0.0035214135015653038,0.003599470914012254,0.0036937534758940288,0.003823035506387351,0.004042249205537918,0.0004393384519098985,0.000664670989920796,0.0007998336576903709,0.0009960383647168525,0.001296686478937515,0.0016097957826523668,0.001969913177518331,0.9671489596366882
0.003291677670264836,0.003304024660326415,0.0034201072773548087,0.0034927497106770474,0.003591603642762309,0.0037041322701306455,0.0038876120590601707,0.0041294534674999285,0.00045140149034183434,0.0006997000422918235,0.0008133311100580074,0.0010158691354572571,0.001395060973687204,0.0017603606399562623,0.0020865316957436025,0.9676294922828674
0.0032946928968709526,0.003302326753283992,0.0034096561623141422,0.003475534494477089,0.003568827945375282,0.0036615273717677953,0.0038040369222260484,0.004014111970008824,0.00044910515147427517,0.0006855553072510343,0.0008126779744771595,0.001017778953819564,0.0013458530672571876,0.0016558811507542126,0.0019725134577414003,0.9676002264022827
0.003252184651447115,0.0032694663814824038,0.0033780551844775075,0.003426620883472038,0.0035043568096377632,0.0035947298486826798,0.0037250932970833697,0.003918207833160856,0.0004277338706559003,0.0006343701879434313,0.0007816233506006022,0.000976991742498144,0.0012790001759474929,0.0015924300183150102,0.0019093831054088643,0.9680115580558777
0.0032452123880900617,0.003255961341187609,0.003352459226593827,0.0034126391640616587,0.0034784870441714522,0.003570982490224068,0.0036965331495410264,0.003874117301570045,0.0004027136093513532,0.0006022544471101729,0.00073804169742748,0.0009282686223937607,0.0012197187502777536,0.0014975043045049564,0.0018046629975741158,0.9680785536766052
0.0032073146224598894,0.003229383587435841,0.0033262350568265624,0.0033946684213599773,0.00347360174112047,0.003566710701093128,0.003705385984595777,0.0039001014020908563,0.0004156868076986737,0.0006301317802984706,0.0007716214315658466,0.000961997844780535,0.0012730435665809746,0.001581401985000681,0.0018901231714370675,0.9684454202651978
0.003230992618553115,0.0032436871267729735,0.0033527045488758924,0.003414265693538518,0.003484236321063957,0.0035817451423868184,0.003717315533145108,0.0039068709569748,0.0004119382387259191,0.0006181386371553948,0.000766423559725686,0.0009709277080516221,0.0012856636321805543,0.0015927032388821996,0.0019457605940223944,0.968217670917511
0.0032533340156078337,0.003273646162214504,0.0033801216920618256,0.003435174328108829,0.0035144287152121764,0.0036055689232317284,0.003741961097978181,0.003946514452748026,0.00043149498269363283,0.0006611416705880903,0.0008076105724631335,0.0010231893252493557,0.0013317388792832693,0.0016754536215303722,0.002056876203728846,0.9680019021034241
0.003208609012987226,0.003219291648078045,0.0033115442127290397,0.0033758998770103714,0.0034519263239019245,0.0035454704780570586,0.0036864486105915675,0.0039041163268113376,0.00044507440587236024,0.0006679607059819128,0.0007951855082503874,0.00098058330428219,0.0012946047315292486,0.0016058709936511235,0.001961065697098019,0.9684340357780457
0.0032123258564721556,0.0032360578677068253,0.00332912760802391,0.0034087004911417915,0.003499819280623587,0.0036099911714443053,0.003777384936107128,0.003988468117685832,0.0004585499705916101,0.0006894439778695203,0.0008058345365504223,0.0010107321495359594,0.001364615826745226,0.0017100570579169174,0.0020806268183671266,0.9683970212936401
0.0032409706101235417,0.003255406360734593,0.003350119664010777,0.0034285287388446757,0.00350423105788552,0.0036128033115606917,0.003756148563792007,0.003977015127838661,0.00047220016581943944,0.0007172861145903366,0.0008183417691275327,0.0010260869595237854,0.0013937487520954827,0.0017122629164445279,0.002063842691004477,0.9681205153465271
0.003159999142648646,0.003162346363870383,0.0032567356496748297,0.0033083009624521337,0.003376771266311909,0.0034794922805193697,0.0036161287414907205,0.0038348759464944654,0.00044653574036126987,0.0006658688162513052,0.0007752996082307915,0.0009427701515029576,0.0012557469044971947,0.0016034214823233961,0.0019331850939326815,0.9689037799835205
0.003072480030313937,0.0030914800335662533,0.0031836736959841116,0.003236851690694539,0.0033178976815356953,0.0034015039803604484,0.003540004403502853,0.003736747018616609,0.00042140468365515924,0.0006252166554833502,0.0006992128737245746,0.0008697407765420599,0.001177664343204964,0.0014244572983847725,0.0017379144814981757,0.9697517156600952
0.00302515382038097,0.0030409511090930463,0.0031375390762833234,0.003205854536005945,0.0033060510802750635,0.003412338135519413,0.0035783725505324727,0.003810866051651412,0.00043434579966445563,0.0006789395428867854,0.0007841017254023038,0.0009810503252377413,0.0013574767945591449,0.001695882807476352,0.0020149677264369296,0.9702103137969971
0.003074140389848137,0.0030910655981563158,0.0031774636144790585,0.003232958381023471,0.003312267297847504,0.0034044583186958774,0.003538375320257964,0.0037222081989752324,0.0004448963928127329,0.0006742419361415937,0.0007632803397648263,0.0009123179998863426,0.0012252535545565063,0.00153426773758348,0.0018543090432982653,0.9697350859642029
0.00301807768084736,0.0030270059527170777,0.00311860078663537,0.0031709075701557825,0.0032342455478428993,0.003309973394529587,0.0034216589598543316,0.003590314885482242,0.00043928296076328267,0.0006675877391990989,0.0007326045089247653,0.0009053689311650466,0.001216016437620025,0.0014665988032464628,0.001762598395498112,0.9702794551849365
0.0031009993097283924,0.003116882191061572,0.0032106001017872332,0.0032782986684881076,0.0033605900226217327,0.0034688078945734687,0.0036031495114970287,0.003802840188396499,0.000503947927933249,0.0007480295807725251,0.0008237599649212577,0.0009880288419398394,0.0013418047453718955,0.0016757932438292487,0.0019769114602093745,0.9694750905036926
0.0030598121778318277,0.0030763482304935904,0.0031749343455640556,0.003246118394212691,0.0033353026065762194,0.003452139814393689,0.0035881262084450386,0.0037991731154798257,0.00047846416870652624,0.0007551500786986416,0.0008543151847842566,0.0010051975453190933,0.0013705271901406021,0.0017414721625822562,0.0020153756620305955,0.9698741436004639
0.00302912753454789,0.0030368250728857638,0.0031408484209868243,0.0032237402517787533,0.0033193908305681917,0.0034592014445800974,0.003631935845621507,0.003861840425517021,0.0004916483385845868,0.000766293086763785,0.0008236454737055984,0.0009911783992842794,0.0013795846515030972,0.0016996952871280889,0.00195177684127281,0.9701724052429199
0.0029541683461680153,0.002979724580792064,0.0030749436405170644,0.0031673917063960322,0.0032983692607494314,0.0034648171403391997,0.0036597395861389663,0.003930705321657939,0.00046826744207529105,0.0007547181460266362,0.0009350903244431974,0.0011884537541153857,0.001596243984319947,0.0019639893964886264,0.0023569387832173593,0.9708980917930603
0.0029046939372364116,0.0029180494171601756,0.0030193426241778365,0.0030889943417675967,0.0031859796983425065,0.0033138725618119995,0.0034776186200504754,0.003700449458176038,0.00043711080074761854,0.0006699188389762082,0.0007541508310370975,0.0009600636558701294,0.0013298876784265242,0.0016270145573198595,0.001907920744583663,0.9713785648345947
0.0029055539314769936,0.002917292031776223,0.003001690292197847,0.0030556813936040857,0.003124857044179833,0.003211414517979028,0.0033433327169129345,0.00351810353472578,0.00043266229833215976,0.0006615053787074908,0.000722862589439559,0.0008730511773716319,0.0011682008628291314,0.0014153991371192514,0.0017118507814327074,0.9713700413703918
0.0029614827015534396,0.0029765297417287473,0.0030702188611030578,0.003125313343323441,0.0032074871413434796,0.0033172947665055593,0.003470768897421031,0.0036881080756484457,0.00043961474490085433,0.0006870519075078595,0.000784615874415897,0.0009457750114226582,0.0012787231516958486,0.0015925167573722526,0.0019265197204921382,0.9708275198936462
0.0029099465579873183,0.0029238898470144883,0.003010824259985176,0.003070376575093478,0.0031391519187676784,0.0032424768815538297,0.003367043289070579,0.0035706430247135035,0.00042146311865912545,0.0006330795451271213,0.0007217156810541747,0.0008894702607784608,0.0011925111866559243,0.0014540393758402128,0.0017688806121698535,0.9713274240493774
0.0028379570368225826,0.0028540675387238013,0.002922473366212363,0.002980096327134656,0.0030395955951125534,0.0031374241993684156,0.003259277198250446,0.0034245247090304337,0.0003790766891305294,0.0005726474807644733,0.0006669624564347644,0.0008167137627047722,0.0010861441518120493,0.0013950404168580116,0.0016858686564446299,0.9720268845558167
0.002809836488273559,0.0028185973589869863,0.0028870211932996307,0.0029290691444568764,0.002987473849395309,0.0030648253908261707,0.003172550551116667,0.0033412306672996944,0.0003642593043219762,0.0005417973624686601,0.0006402204860541154,0.0007948755873022256,0.0010459638116034594,0.0012991733798876355,0.001593286581713744,0.9723000526428223
0.002788085058983729,0.002808413742367266,0.0028846043328243473,0.002948167154985646,0.0030362355914782192,0.003149668179979228,0.003310636247850026,0.0035545453504480496,0.0003810119097080295,0.0006058428580762963,0.0007208876713157102,0.0008795463326402786,0.0011996916222451913,0.0015519062339356452,0.00188612081988492,0.9725110530853271
0.0028149908076131385,0.002849262044686661,0.0029319560512749837,0.0030158211135302327,0.0031114132516713256,0.0032345969066876756,0.00339479415555193,0.0036007844137422966,0.00043198195684337456,0.0007028118628845471,0.0008136620092823449,0.0010073598950900613,0.0013797065983165795,0.0017116462466893372,0.0019968048942209495,0.9722493290901184
0.0028345250005611163,0.002857484543062621,0.0029319385436648872,0.0029899287304091535,0.0030642040199302264,0.0031574697381117527,0.00327323142827962,0.0034330386104005754,0.00040265655439811123,0.0006104180721020457,0.0007147015320130871,0.0009030483255432511,0.0012090553940345943,0.0014677729921710211,0.0017496542396770183,0.9720597267150879
0.0028241343885622543,0.0028412066299706596,0.0029157718524386988,0.002971576813997243,0.003036591214965088,0.0031109048009721517,0.003210774074098478,0.003356494310528341,0.00041635699965285534,0.0006149160067365828,0.0006823545917617752,0.0008550770022602193,0.0011504729350508263,0.0013666892474398066,0.0016081198799088347,0.9721609950065613
0.002753545939514683,0.0027545291265654646,0.002825166568511263,0.002862632056378355,0.0029179873264799216,0.002986702232649832,0.0030694464967909083,0.0032065994159541145,0.00034696905143082344,0.0005076377658857039,0.0006126538069561275,0.0007744414825933148,0.0010029938260112145,0.0012168213486771792,0.00147413207901648,0.972847044467926
0.0027488834707549326,0.0027506436262066517,0.0028213731668613575,0.00286027314486327,0.002910276690516809,0.002982294524358178,0.003082535649188841,0.003210646867350697,0.00034112313743492567,0.0005010221623862632,0.0005931563016892684,0.0007423935439249482,0.0009771133826336877,0.0012138907342948496,0.001457378406215597,0.9728943705558777
0.0027835526494215234,0.0027981214576498024,0.0028815586709414268,0.002943642159001996,0.0030205873828945736,0.003117951863642895,0.0032558464090832154,0.003419472979576098,0.00041691431719245335,0.0006469289003949775,0.0007126052973647712,0.0008552429006005377,0.0011858376589688388,0.0014960548109829626,0.0017377804864436288,0.9725556373596191
0.0028266458990058615,0.0028486916513154,0.002926399433351928,0.0029828639243186924,0.003084098279275477,0.003189783791700999,0.0033623506550234977,0.0035800923477318954,0.0004448559862696362,0.0007065871749261413,0.0008029128114382426,0.000971822805627428,0.0013562672856179151,0.0017474829636338583,0.0020701261268621343,0.9721367359161377
0.002932550653075229,0.0029491840714356713,0.0030298972721854445,0.0030890617456901756,0.0031721681281171666,0.003264797406164484,0.0034126875953441518,0.0036026327522716136,0.00043328713958060703,0.0006702341114230429,0.0007935685459963401,0.0010005102627706848,0.0013398121252204433,0.0016525306453558332,0.001966096769378643,0.9711096882820129
0.0028201460436939794,0.0028269347192261757,0.0028840538377713676,0.0029369059511106022,0.0029941127481886032,0.0030676318037790883,0.0031617821868421252,0.003316350800521446,0.00038675703672748623,0.0005722549747086133,0.0006802882898837227,0.0008523285163171364,0.0011219839399260302,0.0013719249353665696,0.0016532227447137286,0.9722006916999817
0.002703711411975299,0.0027114607218138697,0.0027696541011935534,0.0028089936534162322,0.002857144442872969,0.0029342118061150765,0.0030238404217793886,0.003167040947109762,0.0003456413234750229,0.0005108325444287323,0.0006132061420767395,0.00074930864916205,0.0009834880291512518,0.001230755240126491,0.00149540000090294,0.9733319282531738
0.0026680227696757627,0.00267948381577678,0.002740657916574767,0.002783209762789986,0.0028311522570924727,0.002904027725510324,0.003008555385099116,0.0031602254469788034,0.00035369132758315765,0.0005203678272664547,0.0006008693935845035,0.0007352054438958264,0.0009912521261659134,0.0012380801893845954,0.0015082754006590505,0.973678708076477
0.0026673663261751034,0.002672403644431721,0.0027371095261389156,0.002778993045240139,0.0028385857615607353,0.002916721590741315,0.0030080311125777787,0.003135653163748558,0.0003271176583237118,0.00048817626830905374,0.0005750543249752185,0.0007331588691232181,0.0009829320057423829,0.0011994827124807569,0.0014458270561614824,0.9736865162849426
0.0026221218776045626,0.0026366266211877367,0.002698948685870026,0.0027416768875788357,0.0028076495084698354,0.0028764664449475027,0.0029768500439446384,0.003133565608901207,0.00035089533227285755,0.0005332539566739239,0.000608448121972658,0.0007408929110727326,0.001009501428390392,0.0012690181840800676,0.001513658270791725,0.9741253852844238
0.0027226424468712574,0.002750524976337799,0.00282739490922854,0.002887022653312394,0.00296557416468357,0.003069605756086934,0.003201272203163667,0.0033906452633716442,0.0003804159595282993,0.0005993439511769147,0.0007410919770397723,0.0009499315172433853,0.001268152962830733,0.0015891441115827272,0.0019143166666480426,0.9731477499008179
0.0027276147583418023,0.0027434284588704607,0.002809145472166113,0.002860219488139907,0.002927064905664335,0.0030133502426171544,0.0031363639466288917,0.0032967131070617073,0.00038664733131826926,0.0006028469281917067,0.0007175797947779649,0.0009008418455067708,0.0012017265376117494,0.0014853324578065262,0.0017708991713796802,0.9730992913246155
0.0026944212673501635,0.0027248611579639742,0.0027934002505007015,0.0028568768365816637,0.002927556450820531,0.003010133997559146,0.0031400607541354018,0.0033243178894824853,0.000395163034499695,0.0006330426500150652,0.0007618624227817613,0.0009448694943227752,0.0012517287173255125,0.0015564317253703621,0.0018547565484990174,0.9734219908714294
0.0028078519743914257,0.0028457244061661086,0.002919072439574232,0.0029839981184262617,0.003075478429144079,0.0031850452425102593,0.0033413907719982996,0.003561099917198271,0.00044490293057177605,0.0007082078530631884,0.0008601441101393716,0.0010927602397873748,0.0014771222190222756,0.00185092498331961,0.0022253906724328545,0.9723207950592041
0.002715907810469117,0.002723848403302909,0.002797396982759739,0.0028495512099980507,0.0029312454941698195,0.0030208182329882678,0.0031411822044889533,0.003315785145920134,0.00041805027987218467,0.0006456309076561671,0.0007159220104917934,0.0008473874486807219,0.0011925660167830159,0.001484184781158412,0.001711385718449599,0.9732136726379395
0.0026378724015371164,0.0026580081644283,0.0027211489350306064,0.002778401659795331,0.002849343501859241,0.002934993221502914,0.0030619787472466425,0.0032261476121366226,0.0003870989189730951,0.0005989160432608843,0.0006747561767195612,0.000832219361656844,0.0011338148046573405,0.001385877809490419,0.0016378886044426798,0.9739722013473511
0.0025787403600083456,0.002598219161683863,0.0026668331313012827,0.0027031188109507063,0.002780594087208963,0.0028648168626257066,0.0029960072050592315,0.003167092752476734,0.0003752294448063229,0.0005845904629363958,0.00065715723994003,0.0007811845659657761,0.0010778124610382298,0.0013714229267855686,0.0016226757907305503,0.9745475649833679
0.002536518366925845,0.0025557887599323733,0.002619476975114257,0.002664902537860453,0.0027255287927007836,0.0028006860302754928,0.0029081477586067085,0.003064727070757034,0.00035696969483587076,0.0005398864908024719,0.0006042486646209501,0.0007487861759433843,0.001030401013766475,0.0012806552603389278,0.0015308542246067966,0.9749597311019897
0.002538916885677211,0.002561198681693286,0.0026177965179838315,0.0026521852421840836,0.0027018355149211306,0.0027717582630589353,0.0028741768940731332,0.0030268249713411234,0.00033972929153428335,0.0005121081735098402,0.0005919519504563576,0.0007388015412521684,0.000979625327067343,0.0012623392747909534,0.0015599807329250105,0.9749361872673035
0.002614509014676165,0.002640063794775041,0.0027070574186466357,0.002749055285345424,0.0028115456302960713,0.0028903618831225115,0.003004298381733172,0.003160014382315806,0.0003655608464345988,0.0005684769276517007,0.0006747752189736575,0.0008593822719673516,0.0011488122984716787,0.001425390291695643,0.0017259530158657017,0.9741999506950378
0.002572348321120095,0.0025770644873681693,0.002632182277111895,0.0026649991094263316,0.002722053540876819,0.002783913714717133,0.0028711044402034195,0.0029921088029037824,0.0003293177217985143,0.00048041243501233333,0.0005744768657818788,0.0007222164974168495,0.0009346967895424326,0.0011592899076013452,0.001420796118200026,0.9746106266975403
0.0024852048727975347,0.002497136765959287,0.002554608580439982,0.002591283644489969,0.002641814312449208,0.002691807236635324,0.0027817875799105224,0.0029041784103671308,0.000313253449244732,0.0004699131260666783,0.0005645344980838724,0.000698514137203846,0.000915271369270002,0.0011439280753785914,0.0013972610059611323,0.9754597544670105
0.0024574030897821543,0.002471024036307126,0.0025258922817731145,0.0025604063764164344,0.0026069380719252306,0.002665555301539424,0.0027441029822585557,0.0028652077020218077,0.00030435736476120724,0.0004556136023917985,0.0005420791446184269,0.0006695015293229308,0.0008872070842068203,0.0011060292810603023,0.0013266578692980487,0.9757301211357117
0.002454997025906839,0.0024752449658181934,0.002531042138133386,0.0025672487513184144,0.0026194375923988393,0.0026810443260854343,0.0027677953770064343,0.002883881854790228,0.00030757694502019323,0.0004701019236535737,0.0005525905698512741,0.0006867346902588,0.0009214044645779863,0.001134613845560085,0.0013582682180585284,0.9757541418075562
0.002437567983688128,0.0024535418409691112,0.0025090190848517497,0.0025510480106880366,0.002603110528052455,0.0026670222932642157,0.0027706868871293887,0.002896310223473443,0.0003295418326601838,0.0005014814367448842,0.0005730323527974111,0.0007136333721254009,0.0009499366379496626,0.0011667652676502864,0.0013929857574528717,0.9759235978126526
0.0024433362769646578,0.0024488847602397103,0.0024971757748913684,0.0025361073438567344,0.002590214004520615,0.0026488906707025136,0.002732911916694256,0.0028560726480050523,0.00030607453073917416,0.00045841837063532087,0.0005424949814022992,0.0006869278998688014,0.0009103316650647507,0.0011186126594491278,0.001358218496094649,0.9758678078651428
0.002448865796850135,0.002465650973596958,0.002524742677255913,0.002560281259343279,0.0026234870180738496,0.0026932438716342553,0.0028149385895793284,0.0029577770442874344,0.00032757028736650744,0.0005064969242672728,0.0006050725364022785,0.0007790476641921885,0.0010420783752142782,0.0012940414350241522,0.0015755012719217776,0.975813627243042
0.002557275488953849,0.002578249937456465,0.0026448762865881326,0.002691731076399084,0.0027680972308823555,0.0028622233682007903,0.002983148047317961,0.003149164580937588,0.00038625871862977846,0.0006282056477987004,0.0007319438406062447,0.000921907505453235,0.0012731304285602538,0.001545234423394155,0.0017894505877486784,0.9747579097747803
0.002503663350542637,0.0025232632678967937,0.0025924602366657772,0.0026530598851566764,0.0027330404329380205,0.0028223370838446247,0.002957012652347385,0.0031349810686978428,0.0004025311579281834,0.0006369312096274261,0.0007182412551910388,0.0008737363328887557,0.001225820958915383,0.0015280980830040041,0.0017753608073249009,0.9752795100212097
0.0025095101063349833,0.002523376511704641,0.0025899033228355627,0.002642150504219813,0.002701654066943159,0.0027824199284969355,0.00288761125670539,0.003047858883535822,0.0003975964831784117,0.0006079264825542366,0.00068869226822247,0.0008714756492512796,0.0011617221270596942,0.001378392985698952,0.0016544420134138177,0.9752227067947388
