loss_reconstruction,loss_prediction_1,loss_prediction_2,loss_prediction_3,loss_prediction_4,loss_prediction_5,loss_prediction_6,loss_prediction_7,loss_linearity_1,loss_linearity_2,loss_linearity_3,loss_linearity_4,loss_linearity_5,loss_linearity_6,loss_linearity_7,lin_dyn_weight
0.9225600710621586,0.967986445314555,0.9597398443254156,0.9432817831585303,0.9301698453498609,0.9191175640632809,0.9167514223040957,0.919237438034931,5.499478128630986e-07,4.2003279859185026e-07,4.466867382620335e-07,4.6669931248454494e-07,4.756417897493012e-07,4.851685516991771e-07,4.858066565408235e-07,1.0434025909944467e-07
0.6656919649153045,0.6749152279863454,0.6646851761172516,0.6616242431229614,0.6608760499793672,0.6613845439872357,0.6626617666045423,0.6649696854228524,5.656643055288454e-06,5.4000175485712e-06,6.3235515118882325e-06,7.073932373092701e-06,7.750250882020703e-06,8.296346915525193e-06,8.728558731971697e-06,3.6053343137609772e-06
0.5216081206646029,0.5330165448814932,0.5367092354129059,0.541237704601352,0.5459663647995252,0.5495240680296413,0.5520242755260532,0.5542413640905309,1.0189426204845034e-05,1.2861177880279343e-05,1.619616969251811e-05,1.9550292775417467e-05,2.2702688341082298e-05,2.571109377368281e-05,2.8579079672248927e-05,4.252474172972143e-05
0.4321228417884621,0.44257808293557727,0.44564115575668384,0.4508685856957227,0.45708471195464984,0.46325299137770526,0.46892117651223336,0.4745444355588971,6.498802313737897e-05,8.554785560992129e-05,0.00010873420949498511,0.00013222393606435068,0.00015480827645207395,0.0001755902183834802,0.00019450958297660055,0.0002111839276039973
0.3675855141898197,0.3796650568644206,0.3827130523193565,0.3866109742058648,0.3905234770341353,0.39439414117472743,0.3985523914247249,0.40322682608659016,0.00022479169421926493,0.00029272799213928,0.0003790496594526551,0.0004687648228924684,0.0005547747975497535,0.0006340840179159585,0.000706355328285935,0.0007027652463875711
0.3208889951810291,0.33360857176860975,0.33719157819394713,0.3404940190941396,0.34442286603779904,0.3479249828993672,0.35169073226877334,0.3556385537992022,0.0004996867982125042,0.0006359666924584996,0.0008198433176234916,0.0010101870066088056,0.001194615939299667,0.0013659218545714613,0.001520253966252009,0.0017151973443105817
0.28694844851991547,0.30008650644861085,0.30358320775658193,0.30649352218165543,0.31002608662101155,0.31277138649012504,0.31609520013083514,0.31980301763874913,0.0008891862901774319,0.0010931829222625353,0.0013930343016229495,0.0017075539713957495,0.002018935821624316,0.002314859545893139,0.002583703195506876,0.0033248160034418106
0.2597987440098014,0.2737395344358502,0.2771511506552648,0.2797864347194582,0.2827397381817853,0.2851221380008993,0.28822000612714876,0.2917740772067497,0.001305592573100469,0.0015521328168786334,0.0019378698810383125,0.0023537048286059086,0.0027733837790561446,0.003180384003754818,0.0035582347650720617,0.0056755137629806995
0.23719899508888875,0.2515766322010695,0.2552331531087959,0.2581515437424785,0.26070128289938777,0.2626122895314637,0.2651990168022387,0.2682550934428719,0.0017215959414187505,0.001982750561753106,0.002409006048131872,0.0028865375603088226,0.003385139056026735,0.003881953827259115,0.004352792304774326,0.008864885196089745
0.21756769708712093,0.23217977594446254,0.23551686636927954,0.2387857811218159,0.2415582957091155,0.24350588393933845,0.24592351431798454,0.24862219749476372,0.0021317408366837483,0.002373443684393308,0.0028104151890735434,0.0033130874838491883,0.0038471973278506435,0.00439148625039091,0.004925803830125918,0.013074616901576519
0.2002623317217586,0.21502918522767347,0.21809388892819184,0.2213439031080766,0.2242726252135203,0.22639169002622866,0.2287674899053092,0.2312986165184766,0.002661069658167836,0.002891944022692414,0.003334706234008776,0.003838305513967167,0.0043810334897001185,0.00494476394219832,0.005506190376651006,0.018439361825585365
0.18404347666786977,0.19930893917276402,0.20217446462072508,0.20520850191212664,0.20799805018235537,0.21017471868983825,0.21253250199134904,0.2149387412601047,0.002948087983159505,0.0031148484158596205,0.0035042080263096072,0.003938254681400177,0.004405737327104466,0.004909405965194959,0.0054360790033934495,0.02545258216559887
0.1699266667819585,0.18517894776983293,0.18780562885682592,0.19061112773137462,0.19320271472738246,0.19530592044997294,0.19755353718895705,0.19979313471501925,0.0031858115284531204,0.0033202716096081717,0.003648081722885671,0.004000906887078526,0.004386538327342332,0.0048006594507180485,0.005234043174721175,0.03372383862733841
0.15748971625409944,0.17250416945126723,0.17502011899594908,0.17758787071664728,0.17988674648683078,0.18183542341495604,0.18391265291156192,0.18599330503932554,0.0034668900323435916,0.0035545721599951337,0.0038560409738559918,0.004163199600446907,0.00447848689827052,0.0048187749554412535,0.005164340263866013,0.04321170970797539
0.1455859560958464,0.1609341602132778,0.16349140000263046,0.16579937629828148,0.16785268783569335,0.16960389365250816,0.17149318284057205,0.17342933002947156,0.003621657634222949,0.003689800167725945,0.0039497457093462,0.004210639273377782,0.004469357084746313,0.004734887915227549,0.004999784809170347,0.054770030081272125
0.1347417738100495,0.15009616529098666,0.15266275903592608,0.15482254694607925,0.1566956016752455,0.15827978869479914,0.160042133877173,0.1619126649015279,0.003710234413544337,0.0037654183002232703,0.004011896368028339,0.00424799042368176,0.004477422541440135,0.004705437405743583,0.004933914953610712,0.06794868409633636
0.12527132900776686,0.14051027057146787,0.14297925237854722,0.14497789517797605,0.1466443678345343,0.14810072404366953,0.14972049909007268,0.15145757431133025,0.0038837662449589484,0.003935430941457299,0.0041693869187976376,0.004419703134382614,0.004675636076766634,0.004919658937438168,0.005166797289743969,0.08208224177360535
0.11662325595163738,0.13165639265619142,0.13415597512665822,0.13610159909283673,0.13764641911092432,0.13893887884287723,0.14043547914485738,0.1420660856195572,0.004081969728273173,0.00413143067347883,0.004386744946743101,0.004639975495812066,0.0048985519894847165,0.005161511070198483,0.005430424710114797,0.09753445535898209
0.10831892706629404,0.12320510433980511,0.12581608150944565,0.12765483880283857,0.1290946156890304,0.13030672474742336,0.13168915417860655,0.1332374399358576,0.004136548542514795,0.0042033210145905366,0.0044541640113098455,0.004718952944583765,0.004992777751351045,0.005273863131349737,0.0055671495570478215,0.11510384827852249
0.10095329920350501,0.1154171620956575,0.1179253981972383,0.11980589214800183,0.12119477349098283,0.12238312185011327,0.1237234455166441,0.1252031213908083,0.004195625134289064,0.004252063558258192,0.00451706122067641,0.0047970324855059485,0.005084178814984331,0.005362028129373737,0.00567433552107827,0.13329268991947174
0.09439038743174036,0.10867738234073626,0.11120500227417608,0.11302907161841087,0.11435036418413876,0.11546420360655094,0.11675251413274694,0.11818740038759379,0.004467263464072738,0.00454505109024369,0.004838357760448648,0.0051646386934851955,0.005506907729588775,0.005862603519701396,0.006233163373638885,0.15205521881580353
0.0874937738884579,0.10184002645087964,0.10435460609217685,0.1061736544374665,0.10747601945793589,0.10858458934809624,0.10983272578178431,0.11124811549780746,0.00432126204724665,0.0043910164147715775,0.004678568755737459,0.004992918186015152,0.005327074425389068,0.00567053443554676,0.006040237422543343,0.17437027394771576
0.0821605164093602,0.09591518740862709,0.09839702302759344,0.10014534068830086,0.10142606813899596,0.10248351121189618,0.10367206852845472,0.10500368526086261,0.0044929861646107955,0.00456008090063779,0.004867819669070067,0.005212273265576925,0.005569663142114376,0.0059572613500184085,0.006366631268250822,0.19401855766773224
0.07673058990978633,0.09032928156932998,0.09278580965819182,0.0945657283770115,0.09587729089589231,0.0969329575496892,0.09807702387222136,0.09938415895006071,0.0046149639519376786,0.004724764249441198,0.005043672908235479,0.005402336061402202,0.005798373449129689,0.006216979558620389,0.006664427231859278,0.21621407568454742
0.07152133448055698,0.08499512503845523,0.08749791540280737,0.08930170833061038,0.09061611718200273,0.09165181407222041,0.09279942400126345,0.09412148825648657,0.004401628344448327,0.0045580649641828504,0.004891969730155637,0.005262053895879675,0.005667515977063163,0.0060802040928943386,0.006511144977226001,0.23988620936870575
0.06720630541092619,0.08045288207956436,0.08281009133014615,0.08463324320436728,0.08592228801162155,0.08699024116952812,0.0881174415851683,0.0894260150414926,0.004394585681884778,0.004520652857091692,0.0048712831053268225,0.005251243309139804,0.005673701328661305,0.0061351582809329435,0.006615899558420534,0.2614196240901947
0.06338598014479535,0.07620325630361384,0.07845868277630019,0.08025849347162728,0.08160546379860001,0.0826839445415972,0.08384388657129975,0.08514419798096422,0.004449814171702773,0.00460537830587188,0.0049479784538047486,0.0053433261435441295,0.005794570662758567,0.006266639910964452,0.006756718797916515,0.28210514783859253
0.0602948593722048,0.0727121762555055,0.07486413942041621,0.07664816363491996,0.07797740733984745,0.07902532233935013,0.08016903324159308,0.08145619237463081,0.0047659149449883085,0.004926434319830101,0.005295827854362,0.005778994478962638,0.006307344645362109,0.0068289415252329125,0.007360970687986624,0.3002011179924011
0.05638127279803408,0.06883051038189769,0.07105576454188287,0.072810173235357,0.07420003956014459,0.07531534886922098,0.0764720628959964,0.07778271737724844,0.004470842710448435,0.0046786338893652765,0.005054026513489007,0.005504798497816529,0.006004555066827973,0.006528872698043734,0.007079073581029269,0.32452675700187683
0.053265376148199796,0.0655456831158211,0.06768434320636069,0.06947579781214396,0.07086120350192292,0.07200634583881006,0.07317895676551844,0.07448895386975221,0.004348407846307915,0.004540743573446466,0.004928155092879979,0.0053888538118564725,0.005893116421771772,0.006425855617330532,0.0070013530376784325,0.34532901644706726
0.05115522343151096,0.06291747771529638,0.06491088200899889,0.06666884410260904,0.06805364214611374,0.06921637596104682,0.07041953051531756,0.07175727175542401,0.004472226800039561,0.004672327828327012,0.005043810666209519,0.005489441596899771,0.006005073607168615,0.006550886328974958,0.0071261833663339965,0.3602546751499176
0.04851966703730801,0.06029719363157998,0.06229237586962254,0.06402108617101855,0.06543412762458878,0.06665354830648762,0.06790652676463528,0.06927766209900982,0.004383312148176861,0.00463870252523358,0.0050745897722565365,0.005561990910507613,0.006113757373708667,0.006719982423364915,0.0073519315884169505,0.3797138035297394
0.04628628654411746,0.057999464959809274,0.059966562492678864,0.06157596869902177,0.06290866642287284,0.06412578536203814,0.06540527933775776,0.06683448609278259,0.004333191425210298,0.004564502684756963,0.0050006549015189665,0.005518964023301096,0.006082617443820042,0.006695372699085711,0.007331587705347273,0.39702004194259644
0.04411234795445144,0.055703357052722766,0.057585123652962325,0.059245627295689954,0.06057686641160085,0.06181385051521789,0.0631512104060112,0.06460383476231636,0.004242921763598317,0.004482223866162476,0.004907585534985218,0.005417226726559276,0.005977580814249186,0.006564216626814319,0.0072117444692236,0.4145742952823639
0.042192123275914976,0.05364276788852833,0.055478631968450064,0.057019325137539746,0.05831211672888862,0.05954811713510892,0.060882194114453864,0.06232820267629142,0.00412807826090742,0.004413739187950237,0.004799754190123844,0.005292906880579412,0.005869829137919326,0.006465563423906513,0.007111571613786999,0.4308006465435028
0.04092991509371334,0.05216093460718791,0.05381713387139317,0.055315057235936126,0.056558581875630905,0.05777106670418171,0.05910728094152329,0.06059350240912903,0.004257743768017701,0.004475753049457114,0.004858116228572447,0.005366200850868867,0.005970361332098643,0.006600000616476592,0.007288340381299606,0.44180259108543396
0.03920661753626785,0.05026659909322206,0.05194018657761391,0.053401532759168736,0.05467545235598529,0.0559052267861286,0.05727101460049048,0.05877824459814463,0.0041977151676460545,0.004476474275693348,0.004890056059818075,0.005399775178946228,0.006022205166142396,0.0067003058765071006,0.007402686714523971,0.45732632279396057
0.03793549836685361,0.04878451198038429,0.0504337894796121,0.051810117963989974,0.052990091408944694,0.05420019730975732,0.0555328611974363,0.057025890157680316,0.004152213699287839,0.004457127152368276,0.004870778743666832,0.005384483913379887,0.006009108941964429,0.0066819749346084464,0.007392833128521338,0.4690542221069336
0.0362311892361954,0.04713578404802265,0.04874352895049535,0.05008976953198211,0.051243073932249535,0.052450002363635236,0.05383190073148169,0.05539906655096446,0.0039833847094665874,0.004274312349080237,0.0047178071054946695,0.005248595367778431,0.005867181643091067,0.006535333415073176,0.007252467386048249,0.4852675497531891
0.03506485565443231,0.045734615117211136,0.04727896203095664,0.04858326438300136,0.049690363985119446,0.05086485119379731,0.05223697829326797,0.05381166481409812,0.00395196852609766,0.004244590309834239,0.004644060787127074,0.005154953189570494,0.0057989142207986975,0.0064782563233215,0.007192052509447541,0.4966805875301361
0.0338116855783896,0.04432410186388677,0.04581931195275149,0.04708840622243656,0.048198401767396766,0.0494375299925756,0.050836400351540405,0.05238061497107098,0.003920511575258942,0.004211157560348511,0.004644103481211646,0.00517192246636959,0.005799019090856366,0.0064806221109448055,0.007223066160775195,0.5092645883560181
0.03300415765657168,0.04335290410301902,0.04478611837733876,0.04602503415310022,0.0470768240164426,0.04821179202108672,0.04961880541811086,0.05119845534013177,0.003991362271886884,0.004304152217878637,0.004718699800446378,0.005244755428848845,0.0059333417552087445,0.00665808096277192,0.007388720573600294,0.5175873041152954
0.031795805981163223,0.0419619387247747,0.043439579250836614,0.04463888727856003,0.04567922265441329,0.04679654812571978,0.04814148475024034,0.04970029263384013,0.003968031328133862,0.004301781706537061,0.0046847886835485195,0.005201509604951749,0.005863973247483121,0.006579642524622908,0.007333388713875203,0.5301817059516907
0.030728964364588864,0.040800572445095586,0.04221003749956587,0.04334789711216885,0.04436250391231242,0.0454595599110279,0.04683541513051248,0.04845928965192853,0.003856747795636405,0.004189591699276709,0.004582591743681969,0.005106286483782309,0.0058031132676786045,0.006529663442963301,0.007286777003646298,0.5415987372398376
0.02977884323132359,0.0395956186533777,0.041006542496408276,0.042094842392186124,0.04305149810482757,0.04413449326749602,0.04547931140520757,0.04708244399189548,0.003747398546749494,0.0040622410047736635,0.004515213045206937,0.005067706133179392,0.005717332967202672,0.006457322158596733,0.007247771031728096,0.5519859790802002
0.028972480092385802,0.03844808006928826,0.03984434672879049,0.04090210018735944,0.04185900519592593,0.042963430696866325,0.0442940931528907,0.045873624828929455,0.003736192386860799,0.004062161000088008,0.004517290317249619,0.0050775400265700085,0.0057502185204615095,0.006465864633068894,0.007239401345501845,0.5609142780303955
0.02809204767122614,0.037490541846663866,0.03893438973009385,0.04000460647974753,0.04092265271177196,0.04195264850802694,0.043270360259496,0.04484452815970989,0.0037322657276885676,0.00407132620763297,0.004529589926353609,0.005085718027168653,0.005767568795367925,0.006494240969519824,0.007309625867239955,0.5708779692649841
0.027228920822743616,0.036492326805487224,0.03785913869588062,0.03889141879499159,0.039828149919156675,0.04086627502634068,0.042185150493275037,0.04372172520216868,0.0036604122932912524,0.004003408004338492,0.004446198713498484,0.005019716158358738,0.005719818112123695,0.006463694843378934,0.007287574095356746,0.5807608366012573
0.02651951839827528,0.03555540934154883,0.03686586291300327,0.037919099924941656,0.03883034496596365,0.03983669879059198,0.04111456606123182,0.04265959403330228,0.00352865306767149,0.0038577629510401076,0.004329698690862366,0.004909475343395965,0.005592250583147762,0.006339506082462542,0.007162401702267554,0.5890843272209167
0.02602079070050909,0.03478319119122695,0.03606441440405669,0.037058182015563504,0.03787969617731242,0.03885391553243001,0.04014259175419406,0.04170375741290725,0.0035891306119334417,0.003911763379469464,0.004368453886773851,0.00491019738242281,0.005595539118906465,0.0063784601762639954,0.0072220888804104995,0.5949801802635193
0.025122422318566928,0.03384280443592906,0.03515571741142658,0.036177660559965706,0.03699417772517863,0.03793182868748803,0.03918661922718138,0.040702828333434034,0.0034870694632883423,0.003823817137515906,0.004258694637704778,0.004831414594493731,0.005519319117470623,0.006246242273335505,0.007050253009354627,0.6057506203651428
0.024546781991316814,0.03303693115510523,0.03436674594076394,0.03534792276343914,0.03613123544538864,0.03705196597359397,0.03828685662963174,0.039819815263202295,0.0034213352082955715,0.003791336138240416,0.004239304612080256,0.0048063136812813755,0.005507752359515489,0.006257218433550311,0.0070927456623376016,0.6127827167510986
0.023733745078847866,0.032059140839560664,0.0333502678959458,0.0343025342984633,0.035077196660667956,0.03599412963045165,0.037210269467999234,0.038710368522489914,0.003300774779785362,0.003632344907582408,0.004079242008001314,0.004628885785738627,0.005272963522660612,0.006009623027008391,0.0068321430823618315,0.6227443218231201
0.023210735514960706,0.031460263010628695,0.032777786877018836,0.03371411313111533,0.03447384131877912,0.0353550905731792,0.03653110325938523,0.03799162268237233,0.003228969380309686,0.003606244307074081,0.004013966061551162,0.004518551733156647,0.005217848211426526,0.005943794774286674,0.006743358893426581,0.629325270652771
0.022753628362158333,0.030741167369515005,0.03206100911403746,0.033006484921933824,0.033781661369182446,0.0346547731446096,0.0358220657114228,0.03728944420413136,0.0031913455889281198,0.003530457957023723,0.003976134870590184,0.004513784094089611,0.005213355701981169,0.005969926494139212,0.006788030793570509,0.6350374817848206
0.022194191913813454,0.03000003300130568,0.031233580927254777,0.03216919166471822,0.0329454562278709,0.03381639211266129,0.03495579446204985,0.036380197042567966,0.0030754849992015144,0.0034056948792653453,0.0038586669874311696,0.004410364857627085,0.005067425956228365,0.005809979637463888,0.006636539989649647,0.6421716809272766
0.021892531450699877,0.02944087721281983,0.03073044882880317,0.03163573705788815,0.03233593999336063,0.033184448195627644,0.03435205666705816,0.0358327076290593,0.0030120083604396795,0.0033624961144394345,0.003818078251298429,0.00436764917891435,0.005040451342409307,0.005785796678427494,0.006610176639524775,0.6460505723953247
0.0216736737651255,0.02890929639941514,0.03013769891928342,0.031011372042023373,0.0317234046330757,0.03255460081678448,0.033687095609979595,0.03512527467024447,0.003067994130279881,0.003430547878798411,0.003872394644551807,0.004443877649427664,0.00511768732709114,0.005850467667836532,0.006689077931823152,0.6489083766937256
0.02107051640422858,0.028261734720833775,0.029433584614634915,0.030326457477177837,0.03108342777598988,0.031937084013364134,0.03305347009941384,0.03445546169473667,0.003013684287015035,0.0033793914624135504,0.0038237688040693198,0.004375631399828979,0.005060583287818664,0.005830213969404047,0.00668729824148846,0.656717836856842
0.020785841188998736,0.027766702773193718,0.028953328236987694,0.02981513180716672,0.0304884489939269,0.03132937526462054,0.032445934204140096,0.03384501179460725,0.0029594639836738406,0.003339210712046736,0.003800686835138886,0.0043484304388765535,0.005018444274009679,0.00579517421999363,0.006654936958242346,0.6604694724082947
0.020455077172630162,0.02718938153600853,0.02836911971320207,0.0292475655022695,0.029966825868946938,0.03081186522137035,0.03189546632445621,0.03326129477834862,0.0029071824669035197,0.0032638767978759725,0.0037173750700573325,0.0042576029821477755,0.00494346995696877,0.005702139507439803,0.006561806396603183,0.6648523807525635
0.019940270514851467,0.02661390958811699,0.027776327337881532,0.028662585168575196,0.029371674113000682,0.03016517348963805,0.03126022562836156,0.03263798309897734,0.0028120331892662175,0.0031824262555600817,0.003641510476367642,0.004187649902370241,0.004867733131956171,0.0056338991179610744,0.0064968971541835,0.6716910004615784
0.01965826321706828,0.02619259865195663,0.02731728066097606,0.028132600314689404,0.02883585695465807,0.029637524054106638,0.030704904806734337,0.03207751881795299,0.002781316562734469,0.003155866338046713,0.003598909155286924,0.004132875175488116,0.0048048865162965025,0.005553922001962308,0.006401720422285574,0.6754862666130066
0.01942247916953732,0.025743598809547297,0.02687605553203159,0.027708285224156748,0.028392529407334246,0.02918309737937619,0.03027220171710056,0.031610449456205274,0.0026755970535856303,0.003055484781060556,0.003495568026998629,0.004022430407780188,0.004686372416087674,0.005449602936052714,0.0063231648620130235,0.6787011027336121
0.019146374190345355,0.025250400437249076,0.026339776528002037,0.027158673102606827,0.027789657886582192,0.028563449760077377,0.02957998179024719,0.03092592063576284,0.0026403624175574242,0.003007767086077218,0.0034555798101706136,0.003988171506811071,0.0046498944612865896,0.005414908231308163,0.006267746545449652,0.6824247241020203
0.018896715450868865,0.024837531605954925,0.025921570833283242,0.026723212906808565,0.02739138729644544,0.028181290345561223,0.029220040117450035,0.030534857210486828,0.0025839412177251246,0.0029637044552801436,0.003408491749454428,0.003931112647658647,0.004588786818664082,0.005347777647201461,0.00619773714229314,0.6858556270599365
0.018625381183794854,0.024381855722228285,0.025438249311864575,0.02625320025967428,0.026935791969299315,0.02771112053883999,0.028695747206106733,0.029990766546140215,0.0025628348166493054,0.0029215631385644276,0.003337358816304191,0.0038675591826238215,0.004532742201780229,0.005279619981744876,0.006128754569625213,0.6895535588264465
0.018375710604919326,0.02400481827331312,0.02503288518700134,0.02581528680091755,0.02646404727540835,0.02723246652269203,0.028219153784742258,0.0295062997927168,0.0024745581928728405,0.0028595861963150076,0.0032800178410428943,0.0038080821660431948,0.004464590491770895,0.005221195087489054,0.006088401271839334,0.6929795742034912
0.018434061949150732,0.023821606238683065,0.024835167228172122,0.025652143449494333,0.026303740763905074,0.027071496111776693,0.028086148568676778,0.029389372297409008,0.0025659387485948877,0.002932335679679607,0.00337102732022202,0.00391851330696533,0.00461221060618407,0.005401356864457179,0.006278378027256089,0.6921716332435608
0.018235813377280828,0.023533887855131618,0.024552361331002078,0.025365277934154676,0.026037894455270737,0.026793443554579608,0.02781043442010077,0.02910445005404026,0.002625084506592365,0.003027143647975793,0.003455504933089921,0.004003262158596154,0.004725765153414473,0.005531014195997707,0.006385039294809605,0.6950049996376038
0.017800097883700922,0.022947200681224012,0.02397034395022023,0.024718593326883285,0.0253307606435384,0.02603204095805133,0.02701727190001645,0.028274981401584767,0.0024883876030994986,0.0028845416275339094,0.0032735627809357564,0.003791203906740805,0.004485578175245311,0.005249123596382462,0.006102055787839472,0.7010015249252319
0.01761459953932449,0.022681194323080557,0.02372212474193637,0.024502751361641418,0.02510535454107856,0.02583062596594043,0.026818752489507398,0.028090399142467616,0.002424867757241734,0.0028479440068757095,0.0032395068694044044,0.003757251849278858,0.004458439031534324,0.005215583721595983,0.006061510455728781,0.7035746574401855
0.01728349935752575,0.022245667879830306,0.02322364796693076,0.023995187547471788,0.024626645736822775,0.025329628757354786,0.02628599686253352,0.027540246545265018,0.002298413437825662,0.0026971383954740133,0.0030931128947823136,0.0035860626284120864,0.004251205554915598,0.004999927890421164,0.0058428626570236,0.7082471251487732
0.017134022603582853,0.021953917352438776,0.02292040831312186,0.023672840551093772,0.024265475325311474,0.024981485673474142,0.025931986112787266,0.027155321154128824,0.002248908823939285,0.002633703848729631,0.003051173395982094,0.003553024368354367,0.004204048800849754,0.00494831259102131,0.0057924105814009,0.7103531360626221
0.017021873918195766,0.02172709512790847,0.022653246668452767,0.023361770111302332,0.02395328823163453,0.024658699348719434,0.025591110882132943,0.02682269036970556,0.0022196167170600058,0.0025971214177231195,0.003009701046076688,0.0035266540116733977,0.004177877956668938,0.004924968870902303,0.005781766882649174,0.7119271159172058
0.01686368532830015,0.021396469528024847,0.022341364561909376,0.023036453398791228,0.02364611760133043,0.024362444576590953,0.025282178342543066,0.026478264729181925,0.0021579926977755644,0.002535908661707483,0.0029564993550079037,0.003469108850365937,0.004107044446548629,0.004866513966109215,0.005726694824920359,0.7141937017440796
0.016965089560257465,0.021230780074893426,0.022144333882765335,0.02287915258696585,0.02347078431736339,0.02417410220762696,0.025068231604316017,0.026264195369951653,0.002243854634789907,0.0026422413185188667,0.0030586437093288407,0.003600191156872194,0.004265463522789053,0.005003059030783297,0.005867382683336534,0.7127570509910583
0.016818083847813334,0.021010951622567997,0.021877883640603987,0.02258406771152509,0.023179782741398924,0.02385608592017331,0.02476320326930345,0.02594887102493132,0.0022556056842358424,0.002650281942452646,0.003077261262770855,0.0036118587936817196,0.004302486350841394,0.005079459802871601,0.005951727630714776,0.7149317264556885
0.016612809533974537,0.02076164449906911,0.02163346650624516,0.022326508636025064,0.02293419203774295,0.023590960667189523,0.024478836573334255,0.02570067094231294,0.0022822859022854154,0.00272174699087737,0.0031381019563586623,0.003649145643217395,0.004356409411137353,0.005152281105317652,0.006039319089566818,0.7177586555480957
0.016311328549577734,0.020387620897806855,0.02125566704104645,0.02194878198080994,0.02251668839342265,0.023164531618657738,0.02406343010940937,0.025216820866170556,0.0022182622993433916,0.002646406747476019,0.0030529323676820558,0.003569943651005074,0.0042732974495550595,0.005049639197712394,0.005923442828534829,0.7220907807350159
0.016072045925139177,0.01998686013799725,0.020794105509716252,0.021453860070970325,0.021974658564686375,0.022606430631695373,0.023446787166274356,0.024618671317694563,0.0020640368300555933,0.002454734221100807,0.002874685317177564,0.0033819153729311947,0.004010653836959942,0.004751602437359717,0.0056294777427458205,0.7255271673202515
0.016018725866420502,0.019786710490281332,0.020599719390323266,0.02124961357726794,0.02178668221239289,0.02244519647524413,0.02328146405091591,0.02443346304925604,0.0020238211359640563,0.0024156286359234692,0.0028445871615851367,0.0033587230676753754,0.003996975734980419,0.004753283569307039,0.005618334002165682,0.7263051867485046
0.01580999462115845,0.019592419276735197,0.020397809218075942,0.02106007451962943,0.02158968454659587,0.022215483826820297,0.02304840027683913,0.024190729394906296,0.0020492150915491863,0.0024819620079063005,0.0028546249826347787,0.00334388559514826,0.004019636284522336,0.004782076777031125,0.005589851952763117,0.7293278574943542
0.015666274427865893,0.019364210531767772,0.02013191358007566,0.020743208541613236,0.021287462526700312,0.02192066592800898,0.022742209229806458,0.02384991254469361,0.002019491611105023,0.002416777253301457,0.0028464356330709425,0.0033566628592182892,0.0040213163678694255,0.004766797221670247,0.005623419056035052,0.7314077615737915
0.015566039077862345,0.019106575575741854,0.01992227214354056,0.020549219806587655,0.021059774168412693,0.021645979186902545,0.02246937583191226,0.02361992025616193,0.001991321603055755,0.0023737261491993864,0.0027643111970288184,0.003260969137302553,0.003920595094511405,0.004672388898001777,0.00552898432670619,0.7328870296478271
0.01547244865296766,0.018923224774675337,0.01971474680234286,0.020354921649200747,0.020844939120289452,0.021458574336787266,0.02227366085004325,0.023374406456545947,0.0019768522418910006,0.0023801422756328326,0.002783513568366818,0.0032952554298169684,0.003949021186792489,0.0046921191216518585,0.005551847765341351,0.7342627644538879
0.015236201102183725,0.018596584327293164,0.019406569244885687,0.020024163735033285,0.020521482474073417,0.0210968468125019,0.021886621761803674,0.0229588240084022,0.0018941436828386904,0.002291116901118346,0.0026934091666531482,0.003214679369922439,0.0038489710401605677,0.0045591646573358915,0.0053921305270307395,0.7377271056175232
0.015120592684506969,0.01842499197733523,0.019185698313343807,0.019788017387341972,0.02026930242676526,0.020860114201953515,0.021652433105590767,0.02269746512676329,0.00189704525500837,0.0022885155898553352,0.0026868762818450477,0.003182265260303863,0.0038304492329507564,0.0045593542758663895,0.0053978122996561455,0.7394319772720337
0.015066858910350285,0.018221097492208384,0.0189638450189873,0.01955559197499696,0.020056865090874308,0.02061847229597946,0.021378759442756474,0.022450421855907246,0.0018734958461840145,0.0022636491868030344,0.0026581072069779793,0.0031472337742646534,0.003774945776570927,0.004473245535234008,0.005299692774059796,0.7402232885360718
0.01492807763920288,0.01804218864200091,0.018781028020662893,0.019345516809309373,0.01983273460808828,0.020409209820557925,0.021202895235935045,0.022267297943834505,0.0018625243933814944,0.002257554260668931,0.0026698944218431658,0.0031599118803888058,0.0038040408030503526,0.004526918228427167,0.005351666177964773,0.7422789335250854
0.014918679842468262,0.017890681210993114,0.018602396733431704,0.019210915433035956,0.0196879091086211,0.02026476300123966,0.021025472457962806,0.022056143893938673,0.0018866092255119522,0.0022838719364769934,0.002700588024324841,0.0032239074081884893,0.003870024863216612,0.004584271977545838,0.005434216383330349,0.7424283623695374
0.014671540550686896,0.017642920175786773,0.018362861099066558,0.018909750121209757,0.01936766530327524,0.019898745096492445,0.020667953994940428,0.021712388755496505,0.001811647410143907,0.0022091980647258084,0.002581450797190971,0.003065061712204808,0.0036943139150889233,0.004406956299788221,0.005225072183994332,0.7461227774620056
0.014599404461456068,0.017484662448517,0.018189244198076653,0.0187561860188892,0.019214285463596433,0.01977392603652646,0.020561819465874823,0.021567042548247057,0.0018263179106443419,0.0022481469042373425,0.002660079967694652,0.0031656412464199646,0.0038072890931307667,0.00453037815262573,0.00538149839800215,0.747180700302124
0.01449309952544544,0.017243438015883218,0.017976680127057162,0.01857426217710129,0.019045673496394046,0.019581568803048694,0.020285026111988107,0.021278956582650593,0.0018593182204046635,0.0022713234478777106,0.0026304667019081437,0.003111286461353302,0.0037717735325848616,0.004478497256333579,0.005269417698535855,0.7487667798995972
0.014373407899229616,0.017128972633920533,0.01786657513592781,0.01842204531033834,0.018855377178802233,0.019415811657504202,0.02018387895641905,0.02117712632172838,0.0018168467325895322,0.0022036792653979675,0.002597824762565921,0.0031112182897951464,0.003744461161620689,0.004467755127133745,0.005305965600993096,0.7508462071418762
0.01410480383595433,0.016850162445495427,0.017541393527278192,0.01810354729894837,0.01854866552433181,0.01902490806097936,0.019754675060811668,0.020706820648527306,0.0017374457170565923,0.002131766344260688,0.0025226671938542965,0.0030076733994162845,0.003622979429936168,0.004315074801645696,0.005135774873322509,0.7545565366744995
0.013981869180219543,0.016641798043491866,0.017346760530263086,0.017893413451785592,0.0183128150625261,0.018793497944520378,0.019498184192862977,0.020474632942315305,0.0016554132542927257,0.00204648220228025,0.0024497355701345387,0.002941733413071745,0.003552221577075194,0.00423913614868315,0.005070193277464973,0.7563947439193726
0.013850916806069086,0.01649153247626141,0.0171593361631387,0.017688453398168286,0.01810299793277124,0.01858881894586865,0.01928224696053399,0.020193339758850508,0.0016258366782255847,0.0020267074520038033,0.002411584468301298,0.0028811741482328485,0.0034668917933899143,0.004142037616032944,0.004939508430584513,0.7583801746368408
0.013784882415600297,0.016296956755898217,0.0169815903661227,0.017543753700625615,0.017986085910588402,0.018519788599174834,0.01925588456869928,0.020193352081157544,0.0016624955441614593,0.002077154172992064,0.0024581866357663664,0.0029318397670281856,0.0035449345806231,0.0042340981212729955,0.005029179983668857,0.7593697309494019
0.013677414887982988,0.016109871442871865,0.016782335761420252,0.01735635646665939,0.017797067219560796,0.01830875226343521,0.019012473548702922,0.019942779372436832,0.00165000499197931,0.0020474925273496294,0.0024210673816477007,0.0028759815701932616,0.003497822098559402,0.004187768848255427,0.004980224574154073,0.7610054612159729
0.013462169088347993,0.015911403137826758,0.01657100507506618,0.017102618339888576,0.017524534453847995,0.018014766762553643,0.01869201969217371,0.019620938714505848,0.001565211781799191,0.001934992805474535,0.002328589428153504,0.0027968912012247926,0.0033688230044914016,0.004051769808285967,0.004856932940908554,0.7642794251441956
0.013422030490832498,0.015785270548027374,0.016463875650155425,0.016991456700896575,0.01740536158935791,0.017877814253974042,0.018546251335529364,0.01948127547899882,0.0015704256328769805,0.001957990908963913,0.002345982244119098,0.002795523505419593,0.003381827937733846,0.004065003431706316,0.004856936207122674,0.7648886442184448
0.013359045369632117,0.015660494666308266,0.016341390272583623,0.016869446213799294,0.01726689455083725,0.01768785418083371,0.018344510394314725,0.019257258475830256,0.0015446069590772443,0.0019128509204496037,0.00228632820977105,0.002733628602340968,0.0033173304966804557,0.003991510305139754,0.004756033044270795,0.7658509612083435
0.013260963611831569,0.015473141915067679,0.016147711411469715,0.016705340708947743,0.01710755138686209,0.017573730582339995,0.018241244052797055,0.019156863462643992,0.0016223111701031726,0.0020283534696407188,0.0023596177824619243,0.002816433938665422,0.003442738900080273,0.004136453619107654,0.004894107319289185,0.7673433423042297
0.013328937431703313,0.015505339481212474,0.016194138422558204,0.016730154794876023,0.017147660686913563,0.017631164674807076,0.018308584045882176,0.019159922977087875,0.0016182412252281652,0.00200590007383414,0.002377124920938954,0.0028480417524724697,0.003473940208203062,0.0041444902041745104,0.0049186555123088335,0.7663186192512512
0.013124867381295972,0.015298359673031251,0.015969368173217133,0.01649714002906273,0.01691863795723578,0.017375602294700313,0.01801630816475711,0.018907700183014277,0.0016064631404599757,0.0020047573328820945,0.002371745097516763,0.002837002779096867,0.0034464211626486344,0.004132031870109063,0.004926630277625639,0.7694405913352966
0.013003768063830808,0.015154214439167318,0.015822173288775613,0.016358673030679876,0.016763301750626226,0.01725968043210129,0.0178981422274201,0.018723287265308777,0.001584993582532462,0.0020396876603565634,0.002419947120376709,0.002871887420965766,0.003485179333775132,0.004176191463815644,0.00491073557523766,0.7712976336479187
0.012822219641622067,0.01489237626192947,0.015585116113877858,0.016165878566025884,0.01657228952505773,0.017009667685939006,0.0176152269647579,0.01844128982386605,0.001545008801249944,0.0019750254949937366,0.0023213736248839183,0.002757546237923882,0.003374824294136831,0.004027011782332302,0.0047535021798779265,0.774087131023407
0.012770740127799286,0.01480477592760465,0.01543928380767103,0.015962783204586016,0.01637357558666255,0.016837003907370647,0.017446847977461637,0.018274105217320348,0.0015589265046195952,0.001988223049576435,0.002349500257760186,0.0028084231120368047,0.003390539234334772,0.004031251626785355,0.0047958633012643165,0.7748971581459045
0.012615242629917181,0.014672818007292572,0.015294700760632654,0.015801331561422507,0.016195843556914665,0.016669212296755626,0.017266621242468607,0.018100412696700305,0.001464181651772072,0.0018601069044986557,0.002248336245566105,0.002690909175760417,0.003266995006338113,0.003931271375128717,0.004705683826798141,0.7772991061210632
0.012509471107186492,0.014494739026332946,0.015129650783057164,0.015654114260015263,0.01605468526833788,0.016489133228757967,0.01706248357239797,0.01786973227555503,0.0014454359847186791,0.0018382283059334514,0.0022130011734537002,0.0026824508000303196,0.0032723058504287644,0.003940219690502693,0.00470062655832631,0.7789308428764343
0.012465738032251495,0.014362824103647611,0.014995827598603888,0.015505004842273315,0.015859253378428192,0.016284970984314428,0.016885882224699462,0.017660601552488026,0.0014110785517026279,0.0017887875625882486,0.0021629530773419722,0.002609143032369389,0.0031688002323863483,0.0037935881677902106,0.004545779947680656,0.7796229124069214
0.012249606771250365,0.01416046877300699,0.01475947982935793,0.01526893467614145,0.01564674337303598,0.016064133818703467,0.016649033043922398,0.01743651771986926,0.0013925514851856713,0.0017811224955802012,0.002123870128634,0.0025402818941307388,0.003095860719078719,0.00371860338983311,0.004432729358223552,0.7829843759536743
0.012223176158312395,0.01408951976885298,0.01472716293351016,0.015211171724579552,0.015609759363261136,0.0160190318268959,0.016608129948477955,0.017402738433092934,0.0014177611831462744,0.0017900606849378207,0.0021560963456478182,0.0025879679103491685,0.003147124892934806,0.0037920458524516136,0.004534388200602548,0.7834312319755554
0.012133216400715437,0.013933630463250158,0.014540155206866537,0.015054062651062653,0.01542559189828558,0.01581679981967014,0.01639937755435404,0.01720047712526739,0.0013664539665084094,0.0017277252368051998,0.002081781580592647,0.002500351852038091,0.0030582326755981253,0.0036846735411220125,0.00441956307851907,0.7847995162010193
0.012129113034843797,0.01392628996059148,0.014537929043625341,0.015051797132700781,0.01545183645555066,0.01587374261533371,0.01645038623601098,0.017281979733846004,0.0014016837182671132,0.0018098067755650993,0.0021397005829345496,0.002576085935136686,0.0031915218566202557,0.0038464798645339027,0.0045674366406118026,0.7848687171936035
0.012256722337243332,0.013874308519090467,0.014451352434126215,0.014993835218024977,0.015390900118583782,0.015815871652930674,0.01638483338885837,0.01715565355939897,0.001467327160215137,0.0018673564398328864,0.0022259941017286544,0.0026633564244817804,0.0032431454043396393,0.00389972590035461,0.0046275837252838445,0.7828860878944397
0.012089131638934516,0.013679837919646241,0.014284022217647796,0.014769524165275522,0.015127108584750783,0.015530832889505509,0.016050490696823558,0.016806887155430085,0.001460291446509586,0.001835389258434074,0.0022027075403567515,0.002643953103208381,0.003181588511776041,0.0038371949409595645,0.0045749729530578515,0.7854921817779541
0.011863270238894805,0.013487299644585811,0.014085161585599084,0.014580595292627611,0.014914476590525824,0.01526559733782553,0.015820367408521246,0.016557100646022192,0.0013709914767079884,0.0017401243023800127,0.0020927907779862984,0.002528699148784984,0.003076534823636816,0.0037119998725175054,0.0044315239922566845,0.7890315651893616
0.01176686828284954,0.013365922833131219,0.013947919894147802,0.01442043241427001,0.014779900611450375,0.015148336668608566,0.01566658731462177,0.01637509585631014,0.0013070056961240993,0.0016575038370359627,0.00201854717224736,0.002439088183721709,0.0029752757914539942,0.0035954975570091094,0.004330003823495473,0.7905483841896057
0.01171075471799181,0.013329026885706969,0.013941067908749437,0.014441489982685256,0.014847233259316646,0.015217852311503606,0.015741665244905233,0.016452929538107078,0.0013293331545410733,0.0017213280340938858,0.0020796892004281984,0.002494198412505866,0.003049511878879785,0.003655470087371691,0.004366945179323556,0.7914462089538574
0.011545811219122072,0.013128784790584937,0.01373910124253745,0.014228415278473286,0.014588892259180345,0.014973217329192242,0.015507492704022212,0.016242283311757175,0.0013271096704985557,0.001706332640615778,0.0020446234504983883,0.0024622251590092977,0.003001407897632933,0.003619139930013856,0.0043340795921155495,0.7940738797187805
0.011358508495896152,0.012931501353629912,0.01353807812587982,0.014025124044530721,0.014369062020722464,0.014708619908451633,0.015214442965960261,0.01592387232916925,0.001252995133525394,0.0016184798745996624,0.0019511789434686654,0.0023552920418455944,0.0028587003548940022,0.003442491214684766,0.004137124713221784,0.7970248460769653
0.01143963912357686,0.012939499313582474,0.013502778760110488,0.01396773848870788,0.014320655513291407,0.014677138681764956,0.015198274624066721,0.015913080286096642,0.0013267876724602798,0.001702129923635059,0.001999788080351521,0.0023854702460244046,0.002944490900545409,0.003537294421633486,0.004226596788926558,0.7957518100738525
0.01158865068220731,0.01300846481764758,0.013600124192960335,0.014112700005171676,0.014475259646422132,0.014844312049724438,0.015376073322713575,0.0160675694143732,0.0013995447995686773,0.0017980686379502518,0.0021250192803465556,0.0025624384307098708,0.0031289022077213634,0.0037463930771005675,0.00445826341106434,0.7933960556983948
0.011402648217624888,0.012867441341933177,0.013434881965319315,0.01394108888075408,0.014335294815426322,0.014707309639815128,0.015209794295355928,0.015884562213011464,0.0013524343494815056,0.0017711499411148656,0.0021057609268009462,0.002508487585016373,0.0030693938911763906,0.003668872625739486,0.004354738556977474,0.7963371276855469
0.01116191658257234,0.012613293237557716,0.013210514629328693,0.013668342040042684,0.014004086996569779,0.014356309346077017,0.01483551956186391,0.015534940070977516,0.0012742753369539273,0.0016402059181370718,0.001985322307757657,0.0023750004543599858,0.002869158240681144,0.003473433109646293,0.004162853625085619,0.800157904624939
0.011179465655651357,0.012574196042436541,0.01316915385249488,0.01366425496761245,0.014002492522149777,0.014326239515233923,0.014793267133661392,0.015495004176290749,0.0012694157622378283,0.001644731124844214,0.00200396888961495,0.002425061037092899,0.0029516768801693964,0.0035527803455338335,0.0042617714239491355,0.7998760938644409
0.011012114600751938,0.012418109048095215,0.012977160618762777,0.013441072549884166,0.013767629932072829,0.014100776718120381,0.014602892988860005,0.015267423497707355,0.001261005109734206,0.0016193455894186039,0.0019490866573772046,0.002332381743573982,0.0028342850205272134,0.0034225499815611726,0.004102528240744915,0.8025439977645874
0.01091279445548451,0.012262081578123047,0.012815769694068216,0.01328315424798715,0.013609718784740075,0.013973035244427948,0.014457000496010187,0.015093728639059998,0.0012028880931612617,0.0015531271683547634,0.0018658824014141904,0.0022503723901530306,0.0027589205238554215,0.003340703366882472,0.00401647169431452,0.8041454553604126
0.010895431183454164,0.012237499940274942,0.012820440922120604,0.013299741939663486,0.013637001777337456,0.013981399522084579,0.014456746032342364,0.01512841137772056,0.0012325468225410892,0.0015834909584686813,0.0019113440455411019,0.0023031674174949376,0.00281657978440776,0.003399694076290837,0.004069112742990757,0.8044127821922302
0.010915590041890891,0.012228786273034736,0.012791318764991632,0.013286863272438948,0.01364259381687601,0.013977964799412173,0.014466982648428843,0.015139839695358918,0.0013234737106545605,0.0017270850989754352,0.002045905514798983,0.002445826246732413,0.0029740135552305163,0.0035642819698611496,0.0042584327886802985,0.8041148781776428
0.010773048800751818,0.012067279490557584,0.012656126208979674,0.013126311318240182,0.013478930570461132,0.013839372410517348,0.014293166934841811,0.0149490298245491,0.001264751633560216,0.001655503979536018,0.001995206220382793,0.0023997103575905563,0.0029101796924867213,0.003477482056176221,0.00414412229350119,0.806387186050415
0.010738640843642882,0.012018018429126804,0.012600087748232113,0.013099181782516968,0.013476592121702251,0.013831005333248613,0.014313366457268044,0.014979690514028273,0.0013284997067567878,0.0017353641026048147,0.002045325339091346,0.002441339493299574,0.002991667156568681,0.0035813031021994773,0.004249708010793133,0.8069592118263245
0.010841158666469232,0.012050426899383366,0.012579095152893452,0.01310027230668951,0.01344858082857999,0.013778666665257027,0.014251780981567973,0.014901453808501915,0.0013275733361842255,0.0017031413688001408,0.0020190491946257324,0.002433631140174288,0.0029492642140950417,0.0035479650076992984,0.00422801272285105,0.805311918258667
0.010573372370892703,0.011803126335144043,0.01235749202745932,0.01283882362673981,0.01315839910748029,0.013498399665058662,0.013980808563103981,0.014614845165098556,0.0012339323583476069,0.0016104875050911597,0.001919528290077492,0.002321844771253541,0.002812698393157034,0.003369115581516465,0.004035515957809859,0.8096044063568115
0.010352351029814293,0.011582775148077044,0.01213104743949492,0.012599728635264568,0.012911021227788444,0.013234464508114439,0.01370447064288939,0.014313222442813193,0.0011619675904512405,0.0015215455507389224,0.0018285209532538649,0.0022089541723531504,0.002688396335751922,0.0032365045362851433,0.0038819822197409992,0.8131786584854126
0.010301866333442504,0.011497607726842064,0.012048753453826262,0.012492808880227985,0.012798548557541587,0.013112590148392752,0.013567861352705393,0.014202522619404776,0.0011411635474825547,0.001458022649390529,0.0017739239866886075,0.0021593586513490386,0.0026333903849927666,0.0031913958916359076,0.0038304416870428657,0.8139999508857727
0.010406750707764818,0.011552036219975763,0.012095644738939074,0.01253045446142203,0.012833650605847137,0.01318076992476428,0.013632744028913454,0.014266551012543316,0.0011591826236308223,0.001502710949591916,0.0018304811872115441,0.002210785561438763,0.002705629433345313,0.0032811361807163317,0.003936885257160624,0.8123087882995605
0.010297343958959435,0.01147709694574979,0.011996209521084924,0.012442188672345094,0.012793580480296203,0.01308716518509669,0.013532090779105421,0.014157052092279248,0.001155811225249109,0.0015081311478859648,0.0018336257649591875,0.002225442583161572,0.002704038220122206,0.003254536240791231,0.0039202336560596115,0.8141035437583923
0.01029227694515327,0.01143321075824776,0.01197016149859637,0.012419855925771925,0.012735280444726398,0.013070005208554895,0.013531749176256585,0.014145359788278137,0.0011873794619232316,0.0015674850981845598,0.0019051836207759903,0.0023035029745864547,0.0028029106983833442,0.0033767884804142847,0.004026047634556639,0.8141719102859497
0.010212825548518387,0.011324814443636422,0.011857348339324848,0.012358508918823216,0.01270775232050154,0.013049326641391022,0.013508978676715683,0.014233909191105903,0.0012489179224528448,0.0016465275538991196,0.0019805982119406916,0.0024101708698955047,0.0030076078644103877,0.003633502293817122,0.004293988321465676,0.8154533505439758
0.010127407327444866,0.011214078907613402,0.011768297735689465,0.01224090065618958,0.012548020582407813,0.012882199562358535,0.013335020594323926,0.013954760028858378,0.0011720592300297837,0.0015559228532242052,0.001903558507411167,0.0023144437232202153,0.002832838556782565,0.0033983800723295823,0.004052600721116821,0.8168507814407349
0.01003857464513895,0.011087812518431281,0.011659009629227095,0.012107860279404354,0.012413658266918426,0.012739186304988282,0.013212925115418354,0.01382439718503342,0.0011616612593282755,0.0015272255347232625,0.0018398460652992782,0.002225662217246563,0.0027286000123329032,0.0032802787794408575,0.003923872778010288,0.8183181285858154
0.010028284698448799,0.011061215611419293,0.011588346065094174,0.01206554458398209,0.01241722741110959,0.012774891152927771,0.013260924836200496,0.01387947319131909,0.0011770917334741214,0.0015583586863395743,0.0018790593101119352,0.0022844104403598542,0.00281290140015509,0.003426155957208338,0.004094071696302304,0.8184794783592224
0.010198082345904726,0.011144695207727477,0.01162974517353456,0.012073196696512627,0.012435594160950143,0.01274176006164615,0.013179307754593667,0.013791482476674347,0.0013112320912757305,0.0016900154677304356,0.002038064435977326,0.002460154326576175,0.0030188953986874335,0.0036073489948755966,0.00431745452210558,0.8158202171325684
0.00990732763188355,0.010928497149888113,0.011479726945511018,0.011938583650171556,0.012273587401868518,0.01258658826953233,0.012997603015064791,0.013592320831135065,0.0011776654683178923,0.0015579181601001759,0.0018923536745787469,0.0023029241899047235,0.002834747292678364,0.0034164322471177135,0.004083348429363584,0.8204367756843567
0.00987050910151065,0.010851667836458996,0.011378720242166358,0.011825877799329533,0.012125477425578467,0.012476988633473714,0.012905777805180662,0.013445315888835123,0.0012025343498798331,0.0015721549628057866,0.001896467121311711,0.0022995469646421747,0.002813073435817102,0.003382283652370626,0.004027229557535063,0.8210475444793701
0.009982036586587478,0.010938596986359619,0.011475320426301923,0.011935901832500291,0.012280062132010154,0.012617350015977417,0.013069060765934311,0.013691060320295469,0.00124106144764608,0.0016375747807198502,0.0020140280188233766,0.002443043170151887,0.0029838177943069125,0.0035777916862105683,0.004255733636493233,0.8192325830459595
0.009896443833782015,0.010841080425965665,0.011325135194894038,0.01174897302682151,0.012079826890418827,0.012385951730137321,0.012837634855247908,0.013421878539753282,0.0012330861586563114,0.001608249373257361,0.001980895518955558,0.002402701275266381,0.002922212111729163,0.0035246529588193604,0.0042093610848842646,0.8206767439842224
0.009689450686051187,0.010642739207254916,0.011161542079264066,0.011598398298125475,0.011899521415081089,0.012209309542219245,0.012647705577840708,0.013258734425711712,0.0011483711695380082,0.0015114300329275806,0.0018676836733464842,0.0022827822953362257,0.0028062215306943515,0.0033964583819562737,0.0040727076380943205,0.8240106701850891
0.009413370256145996,0.010375406274490484,0.010883732526390641,0.011311215041863798,0.011614402285729996,0.011887909477005904,0.012310823597490587,0.012882170763481346,0.0010686521722561985,0.001425549497056489,0.0017246679750957874,0.0020863485130597445,0.002567527726643816,0.0030996005643497814,0.0037297598666414266,0.8285546898841858
0.009383105775121888,0.010325578517383999,0.010819970036195184,0.011242668325652178,0.011527555358128917,0.011851932294039615,0.012260011932263871,0.012802255835998741,0.0010277494888514382,0.0013613570895459916,0.001679227511188398,0.0020570419515523845,0.00253259329382418,0.003082491891452359,0.0037292216537576734,0.829062819480896
0.00943767076439729,0.010314488561466486,0.010840405338139646,0.011273254619704352,0.011531178096328119,0.011847948757084933,0.012242766442122284,0.01279945701661736,0.0010589394881468429,0.0014002522447394202,0.0017376061252973697,0.002121970101388215,0.002611320679035251,0.003162907568192241,0.003804732299713976,0.828165590763092
0.009326039237105083,0.010219339569811066,0.010710705671246204,0.011140222129998384,0.011438529108108495,0.011728272664827932,0.012100403226585902,0.01265765489753248,0.0010577543905186733,0.0013891000764739232,0.0016900642100809399,0.0020655885526929237,0.002537915527017831,0.003074067213920632,0.003701391224106554,0.8300594687461853
0.009541052688377273,0.010385549429691198,0.010855668231293008,0.011290737785875596,0.011616738215841428,0.011926529343280728,0.012323040934122773,0.012890223501507281,0.0011619369715753227,0.0015414584377899715,0.001892018259223864,0.002290795304458149,0.0028032792311926884,0.003368630104695105,0.0040083943568295505,0.8264918327331543
0.009327021744164955,0.010169198246114583,0.010677778419822153,0.011115551576871262,0.011395971381704414,0.011705248062859481,0.012139538733244745,0.012696010436273183,0.001114261134054123,0.0014671411214753835,0.0017999973047763008,0.0021821616474626843,0.002688007789228099,0.0032507568346932278,0.003909435416712906,0.8299935460090637
0.009374127620423483,0.010181259155674815,0.010716886803357289,0.011164796091490722,0.011462074267342436,0.011758663818892404,0.012193918649596397,0.012763242368344908,0.0011276338895412808,0.001493393273566307,0.0018550567429274421,0.002283385546520503,0.0028081783780244864,0.0033868395243630265,0.004062611411516915,0.8292234539985657
0.009120962611377641,0.009941577760860174,0.010427376658025414,0.010843596544731346,0.011124253483733746,0.01141201716280144,0.011783985206575105,0.012321549112146552,0.0010173032693690323,0.0013470031998374244,0.0016662217626467297,0.0020258122358960333,0.0024697823029776614,0.0029887898477038953,0.0036314085903593188,0.8334164619445801
0.008988024034734927,0.009797212521636527,0.010275923252507091,0.010675267067421165,0.010958737165036828,0.011247783247067872,0.0116275693029667,0.012123726473914253,0.0009789339570886759,0.0013061268537333517,0.0016123118060907531,0.001960774290340918,0.002409974024050966,0.002929581001852498,0.003546565487629637,0.8356307744979858
0.008951900476708958,0.009737318784299523,0.010233673563709966,0.010640830172834171,0.010919581940679839,0.011200669749015912,0.011591829023377262,0.01213708383467061,0.0009865277224167027,0.001316142406452585,0.0016219980650979662,0.001974849364021009,0.002445432565077788,0.0029786589219915347,0.0036014336452941703,0.8362318873405457
0.008894035852943807,0.009683677754819594,0.010182307796044784,0.010555855734179718,0.01086626253545485,0.011138689016252255,0.011495885584089491,0.012038521012071809,0.0009872445127980076,0.001303012527349822,0.0016076541621777346,0.001975569644510144,0.002420040511021309,0.002947688785064903,0.0035773044282739813,0.8372007012367249
0.00891983321294038,0.009681561007242812,0.010162678049871015,0.010545073926248132,0.010845952624022359,0.011143117219912083,0.011498359357467805,0.012058605629988391,0.001002913647604109,0.0013549740153430687,0.0017210732994958609,0.002134157029867975,0.0026201758471000878,0.0031837029514288663,0.003824572330372101,0.8367722034454346
0.008832653977528766,0.009572431078864269,0.010055319969902938,0.01044220810988134,0.010716875364082027,0.0110035473449463,0.011393494949196325,0.011896514471131141,0.0009802479409810269,0.0013215420824108702,0.0016304923328084979,0.0019764536822384055,0.002424180618038884,0.0029422519634468387,0.0035466663338720597,0.8382243514060974
0.00886446263653662,0.009593167790660152,0.01006926260010562,0.010482850881538006,0.010793482655226581,0.01109856058050085,0.011502218116012085,0.012052192972966717,0.0010577659790564065,0.0014426451201491083,0.001754090182407938,0.0021230180782300457,0.002636860110342302,0.0032198999114710874,0.0038538576376558552,0.8377053141593933
0.008906886598051398,0.009577178970129803,0.010045094050542273,0.010439446719005855,0.01073181096351508,0.0110174923533141,0.011439627368843516,0.011979105918094365,0.0011142489378048917,0.0014816110583668206,0.0017499612173949828,0.0021053076342300134,0.00261843170130293,0.003148360201706389,0.003761021396527788,0.8369936943054199
0.008762589635120497,0.009449600450920337,0.009922959567721846,0.010316944503623629,0.010596510647523283,0.010890048762363215,0.011276269179803353,0.011813102426753702,0.0010404152369208207,0.0013895189270427331,0.0016808805755192183,0.002047860971103212,0.002540184963833202,0.0030535460672394595,0.00367044811748495,0.839405357837677
0.008709695899501593,0.009423699533497846,0.009890999336435337,0.010298742108072094,0.010600886270654723,0.010917432370410624,0.011299638956885547,0.011826047301292419,0.0010292034922324447,0.0013879522781580786,0.0017040266432746091,0.0020829544625298345,0.002579737053274707,0.0031268064722870335,0.003775412260683297,0.8402925133705139
0.008635521287518719,0.00934389859738976,0.009803774862578421,0.010225828217737603,0.010521982113520305,0.010814899015506911,0.01123775900012315,0.011765812513001439,0.000997857704934247,0.0013812454034784426,0.0017020111847104449,0.0020865523177967327,0.0026032125257482433,0.0031546705248781328,0.003782084080004933,0.8415374159812927
0.008524859648335863,0.00920022602133478,0.009674793160724319,0.010057181982881695,0.010375639766153664,0.01067398256725735,0.011048715654447023,0.011539323502518111,0.0009881727478971787,0.0013446043612379017,0.00164595266885629,0.0019919562583118177,0.0024727222431288024,0.00299189757518094,0.0035770610025033403,0.8433898687362671
0.008431556805817768,0.009095095624827375,0.00956715925374015,0.009927972900345671,0.010210487106031039,0.010490359230474993,0.010823776665761415,0.011310080697239449,0.0009374104151721756,0.0012470733637761587,0.001535408597702932,0.0018689055146292003,0.0023148535854286617,0.0028207882436036263,0.0033882217550719224,0.8449655175209045
0.008391509694282455,0.00902571072582444,0.009482819137950538,0.009840119145936035,0.010133198505700236,0.010370786066609199,0.010709281070063812,0.011213018878140434,0.0009315108027472239,0.0012360242982504745,0.0015197074774539832,0.0018558541093310122,0.002275266764240233,0.0027477128337127996,0.0033389448617845274,0.84564608335495
0.008407927647559129,0.009044240972008368,0.009485801040925562,0.00985838414141626,0.01013307774107063,0.010387849556877958,0.010736889219043231,0.011231700759945494,0.0009622232342508907,0.0012860312468375421,0.0015655795933822991,0.001880431533963592,0.0023184267132972626,0.0028321288174852377,0.0033948228440501475,0.845375120639801
0.008360499714937073,0.008951901862717639,0.009399364903719738,0.009767733569498416,0.010047518865829365,0.010334991776581967,0.010682456471301892,0.0111581971649369,0.0009549615208548728,0.0012659508383735664,0.0015678741000216417,0.0019310320718119844,0.002400133369948326,0.0029280149550349626,0.0035460518742049182,0.846169650554657
0.008442475316224475,0.008990293043831784,0.009417755294729163,0.009800177160336916,0.010098451516443632,0.010377292008913727,0.01075272762815559,0.011244251230349042,0.0010287184305865355,0.0013440127788669734,0.00162808065638197,0.0019815097992568705,0.002456577633968507,0.002964653957773138,0.003546335786480695,0.8447889685630798
0.008296966427930878,0.008900098337067498,0.009347019342059639,0.009735794751732437,0.010043830090901667,0.010368716295319375,0.010751193059413923,0.011241119708677735,0.0009911067545514316,0.0013627650510983837,0.0016439239133889426,0.0019823977855419873,0.002483484660736238,0.0030749098821119827,0.0036652121605094436,0.8472443222999573
0.00815938558140989,0.008779217046920699,0.009210831850064724,0.009588127485429398,0.009828294136307456,0.010126863083855471,0.010512482347311797,0.010989190653117016,0.0009416001601150943,0.0012710379480512857,0.0015678118801478185,0.0019252713456097677,0.0023866510978250793,0.002926791885786185,0.0035316904285540083,0.8495721220970154
0.008181718311677076,0.008773212681715737,0.009217664097696041,0.009588404556717535,0.009868966198529458,0.010140977925323076,0.010488940198413451,0.01096093991790155,0.000977151095867157,0.001343795024987423,0.0016367873684926466,0.002009350533035869,0.002469073840564349,0.003002357648478614,0.0035770273469513916,0.8493160009384155
0.008185379884459755,0.008724488955154161,0.009172419200240563,0.009537173566794154,0.009803558850930595,0.010074694248963687,0.010418009948650194,0.010896669433574483,0.0009716082897401017,0.001291763634493054,0.0016001957195876824,0.0019476003781813964,0.0024137315399919697,0.0029134566058414153,0.0034993580947018633,0.8491523265838623
0.008104973990683403,0.008671156314487007,0.009103985707767884,0.009434839646623592,0.009707691517943887,0.009978367177524951,0.010289004756144,0.010770498311479484,0.0009111141798522336,0.00123177056862449,0.0015548057640943462,0.0018966887083519187,0.0023333321203186054,0.0028298099635024666,0.0034183097181697485,0.8504937291145325
0.00809251487142209,0.008643085035410794,0.009070663540451615,0.009413853804471116,0.00970103691523324,0.009989955680137531,0.0103422887798913,0.010812908130061345,0.0009649624803451576,0.001309867940767847,0.0015881373274205912,0.001929133414268895,0.0024063194114150423,0.0029478888469513017,0.003522130139548369,0.8507068753242493
0.008020510886378762,0.008550053187693009,0.008976283513937734,0.009371742515852956,0.009627140611911864,0.009917565106542825,0.010262643197168806,0.010731965845281428,0.0009750923210823978,0.0013329019337290466,0.0015805048962133099,0.0019260431793502685,0.002421723531954216,0.0029358951305901563,0.0034776867966258567,0.8519382476806641
0.007986937904172273,0.008501625306879229,0.008915486630767282,0.009275700503126138,0.00954604067585685,0.009817036620093516,0.010139275630716522,0.010621579317532806,0.0009507374536961016,0.001288817777778163,0.0015778728293549733,0.0019180329435000115,0.0023790248127196372,0.002892136117223939,0.003463943520880709,0.8525159358978271
0.00787610123843356,0.008381001335201841,0.00882160935538385,0.009144159509276701,0.009415770169059035,0.00966994148312193,0.009991910943278559,0.01046984977393038,0.0009105176134944364,0.001227967799813659,0.0015203822504490714,0.0018532691203584574,0.0023011950155099234,0.002806830744851719,0.003377782505770725,0.8543922305107117
0.007916375641595032,0.008383036557873492,0.008804006498269361,0.00913530292133691,0.009379674970902979,0.009662107069685002,0.009990581839975685,0.0104677853008312,0.0009394055583611482,0.0012552513323899873,0.0015598272459474878,0.0019260530821000688,0.002358579059893435,0.0028726341823736828,0.003471916409754994,0.853739857673645
0.007789944968051481,0.00827646834982766,0.008683051083625768,0.009026679195940294,0.00926481190353933,0.009509887227707037,0.009851433753164529,0.010318508473309604,0.000905899111469988,0.0012165383972001797,0.0014925701876079996,0.0018319187917893985,0.0022739873289660574,0.002778907752398289,0.003379573868681686,0.8558611273765564
0.007924150020160057,0.008431095366526132,0.008839940211989663,0.009213349945617445,0.009512208387105151,0.00982204066583203,0.0102151630001036,0.010721085549203636,0.0010244043148828275,0.0014228036332411397,0.0017570175192873887,0.002182377734368899,0.0027764639393849807,0.003381989813513226,0.004070347299178442,0.8535768389701843
0.007890044778949184,0.008326294255577755,0.008741175285493485,0.00909816359831428,0.00937240724812453,0.009635507704232276,0.009977445784040574,0.01044236022213894,0.0010077311898823139,0.0013452919043274439,0.0016637232994993127,0.002042767517143227,0.0025472270644674396,0.00310453798634436,0.0037522790558410413,0.8541619181632996
0.007720036862687732,0.008185517898312322,0.008601084481987488,0.008919141980935427,0.00916374261030043,0.00941823296474688,0.009773193806510181,0.010228760575605964,0.000929755970885858,0.0012489955358031624,0.001549406357184805,0.001904152989738718,0.002370744027975031,0.0029009500612514187,0.0035076585181233054,0.8570619225502014
0.007630367766789816,0.008104209687171961,0.008488834109972624,0.008825868353097125,0.009076809291085008,0.009325251053479384,0.009651272907000198,0.010132884607973323,0.0009198605073521836,0.0012433569991227352,0.0015305679153513026,0.0018684631370334112,0.002329379108166855,0.0028279805273720713,0.0033940157655513647,0.8585996031761169
0.007591072347654839,0.008029119725580569,0.00843195677405656,0.008757304332473062,0.008983446993811765,0.009245517057200473,0.009551021316236117,0.009993383157935609,0.0008991644463755868,0.0012080710851634392,0.001498143973224091,0.001829633933275637,0.002244721691716801,0.002750067257319235,0.003340595213050393,0.8592798113822937
0.007469394614901205,0.007926432131115435,0.008320970346630622,0.008648819157772193,0.008866598198710869,0.009107535445328914,0.009414090632589578,0.009859855237231914,0.0008312310214446049,0.0011212096602878586,0.001408423232510435,0.0017435606945343692,0.002155327758052534,0.0026461354961700313,0.0032283731632762485,0.861361563205719
0.007406462915555295,0.007856396673504351,0.008242437148134316,0.008554663220639984,0.00877421265499359,0.009026213818126254,0.009321674885171832,0.009767010557129729,0.00082774544605101,0.0011314070109365766,0.0013994016430594705,0.0017276458404581955,0.002164219467828571,0.0026614135012080773,0.0032082647712343066,0.8624452352523804
0.00745747643444524,0.007881299007420588,0.008291077714175086,0.008579840854763583,0.008840429777850206,0.009098120992031162,0.009411439625703125,0.009885101205973513,0.0008638001238356536,0.0011568111910011231,0.0014484932363936396,0.001779454315601776,0.0022014272170335757,0.002702240314748552,0.00327323927522107,0.8615741729736328
0.007345286060300238,0.007776747398103528,0.008175507463790753,0.008465758703573786,0.00872219868179925,0.008937909637236034,0.009251655362270496,0.009672014500556972,0.0008811796077774831,0.0011889878716884238,0.0014453989199616692,0.0017615006578089011,0.002221824595021078,0.00268869551544639,0.0032141013202643155,0.8634982705116272
0.007485882465975353,0.00789377131446042,0.00826703664730695,0.008602250209360411,0.00885270729109093,0.009096220236033301,0.009411647143187346,0.009871191067326349,0.0009628275340354001,0.0013097300059365905,0.001574032687227734,0.0019112515956263751,0.0024190431918560055,0.0029053506952544253,0.0034274576363539453,0.86109459400177
0.007347661395077453,0.0077239594927139155,0.00811767315222358,0.008427112246001208,0.008673788541896576,0.008933637986078808,0.009254008662018311,0.009690595671584711,0.0008809523399831471,0.0011973551019825517,0.0014820901194104441,0.001830216532303428,0.002282863004942133,0.0027802678646664026,0.003348358406964376,0.8634530305862427
0.007254137446859268,0.007644566472130593,0.008038973161066422,0.00834175080863715,0.008578436016434371,0.008796185129620009,0.009099432555111971,0.009515839368606657,0.000838744534988596,0.0011313262198007468,0.0013895489225283215,0.0016947775627627517,0.002104516347450038,0.002565530562139922,0.0031055180788642227,0.8650693893432617
0.00720375163969819,0.007574040088990722,0.007954516033532243,0.008222896844048292,0.008459690198151753,0.008681795457597534,0.008978080794666752,0.009400706369467457,0.0008307112763425718,0.0011110660880302339,0.0013648408530938505,0.0016766786173939303,0.002076799738587755,0.0025494693555815854,0.0030950200979155723,0.865946352481842
0.007098415688696233,0.007495080215561671,0.007873100684548067,0.008161882830388618,0.008359397134997629,0.008591877440812211,0.008868770587323892,0.009268192520446649,0.0007867223278992505,0.0010723338377746669,0.001335083628041977,0.001655783762634804,0.0020557352162972847,0.0024967548672599022,0.003045898736125291,0.8677685260772705
0.007103042195077597,0.007497220634410678,0.007848354035154336,0.008125222341380136,0.008344099698243318,0.00854326732431598,0.008809834402618986,0.009201649503675776,0.0007700650278566662,0.00105160110965622,0.0013082022957428537,0.0016022766755285488,0.0019754320144753663,0.0024129556096864468,0.0029369597232301627,0.8676861524581909
0.007104366661209349,0.00747838141741576,0.00783852659893357,0.008121269113487668,0.008316506751458654,0.008542251767534198,0.008809257336337157,0.009224488618799332,0.0008039304516231171,0.0010910579150774664,0.0013624895602364331,0.0016762310193744975,0.0020542446298129633,0.0025146158606516394,0.0030583521257145237,0.8676659464836121
0.006997631716632883,0.007362160086631775,0.007724813856059052,0.008007942390963686,0.008230044334023088,0.00843910299467318,0.008734953518869099,0.009140122197693848,0.0007767460431263904,0.001046228886077099,0.0013014038642147174,0.001597726350079482,0.001988659255984255,0.0024514633371974484,0.002977045580293193,0.8695116639137268
0.006979738990227482,0.007329090406196286,0.007678954368488556,0.007974223356054288,0.008173707087433297,0.008398609470438074,0.008674354886366462,0.00905358870623489,0.0007991699708832635,0.00107569082793764,0.0013330708699997025,0.0016422812058668748,0.0020206349139863795,0.0024548249689216165,0.0029648409196824737,0.8698270320892334
0.0070763590090252735,0.007420785790340668,0.007804044303468582,0.008111239357628806,0.008364605166093268,0.008628159580808698,0.008973346424825264,0.009410872137305713,0.0009246214659828128,0.0012846613798277947,0.0015727163502563932,0.0019170940612201338,0.002433572355845962,0.0029772044231594613,0.0035218296679182083,0.8681539297103882
0.006993578514241009,0.007309579136797074,0.007666797971083259,0.007961250023809747,0.00818567237870059,0.008424952796814017,0.008726353366366941,0.009119474210522392,0.0008560838246787036,0.0011467292948754548,0.0014090890052292483,0.0017292827831875998,0.0021713038925269637,0.0026402670701946877,0.0031965473961549176,0.8695865869522095
0.006866336902384003,0.007188995925063638,0.007573907293053187,0.007842302768920808,0.008052214327886048,0.008270387060513801,0.008555349767810166,0.008964032326081787,0.0008109500506259375,0.0010872915813617836,0.0013379579366056204,0.0016505919171102119,0.002069238539446484,0.0025356217817425327,0.0030511502565358224,0.871800422668457
0.006813785699682204,0.0071474983836665295,0.007501015669167644,0.00776586788471299,0.007989409335133202,0.00818397356103165,0.008481163508964308,0.008870773930541594,0.0007740006747621077,0.001049402729303949,0.0013087266410139675,0.0016338381201329857,0.0020393640856550196,0.0024750908316185176,0.003024733400204366,0.8727155923843384
0.0068763591775589114,0.007205842661135125,0.007572872595554249,0.007847239202521866,0.008084593908955353,0.00830953023349396,0.0086144689558331,0.009043885451374632,0.000829467580023438,0.0011444096876816316,0.0014014310658178747,0.001722801307385618,0.002200925312560014,0.002707769957556066,0.00327539814491866,0.8716221451759338
0.006870567353335695,0.007178607944286231,0.007533199864405172,0.007811352936707763,0.00799984712693025,0.008239609459634582,0.00855061092762032,0.008973278913032326,0.0008732447657821957,0.0011842446295099226,0.0014430354465338518,0.0017798075019711196,0.0022273828824260823,0.0027122956358824513,0.003277844313519571,0.8717300891876221
0.0068400805267295256,0.007130350032037356,0.007472186949517992,0.007749878146030285,0.007962811866191903,0.008201171834059436,0.008490866598256108,0.008912888259598703,0.000852924834322247,0.0011581034302360282,0.0014195426859538564,0.0017702808860777203,0.002211481459463887,0.0026969022120690907,0.0032718078280338132,0.8722658753395081
0.006830380627452725,0.007122225567748651,0.007463886230080216,0.007756897154881898,0.007966599796556865,0.008209549638157341,0.008492679999332235,0.008897115345354433,0.0008632834229354906,0.0011758748065642637,0.0014938145612526422,0.0018764150927865545,0.0023389701051041733,0.002842931700274599,0.0034246934032199357,0.8724300265312195
0.006721268312046022,0.007020925266373439,0.007371846905059686,0.007634668945262729,0.007854116524911489,0.008081920189086838,0.00834854847252971,0.008769361193131918,0.000813194893626653,0.0010965674431988287,0.0013752063592074296,0.0016917234054619214,0.002110186214198167,0.0025815857003634226,0.003121992107794341,0.8743298649787903
0.006818031723162642,0.007126247963118633,0.0074880326035046815,0.007753975689411163,0.007964959173692197,0.00820484261721473,0.008484094441940487,0.008902836563410583,0.000825229798904573,0.0011375055356760218,0.0014507803890339854,0.0018221705211232406,0.0022743859400452186,0.0027839765830674156,0.0034042958308149267,0.8726433515548706
0.00665475615717295,0.00695814696024564,0.007283369288701401,0.007528840080656187,0.0077513931526078115,0.007925597395158376,0.008217807645950254,0.008602432901610429,0.0008005836953468595,0.0010929929788666543,0.0013562067502777184,0.0016746187526168244,0.002086904938473846,0.002544294821995276,0.0030985460011445313,0.8754984736442566
0.0065660268124757394,0.006850237070711374,0.007188418392179791,0.007455748279488046,0.007652878961980544,0.00787735402784765,0.008167669442968336,0.008567077006755854,0.0008192185883218994,0.0011210123748088927,0.0013561124935344815,0.0016496444654083412,0.002069519159167704,0.002544898351635596,0.0030442204639967844,0.8770484924316406
0.006426715750171981,0.006728869154798462,0.0070642827135143854,0.00729516871549465,0.007531666449625484,0.007732362342803968,0.008012248816514257,0.00840451818724674,0.000748721917821502,0.0010198366191702258,0.0012597485711979947,0.0015253377143883142,0.001927272227878121,0.0023948785682719968,0.0028941937117062835,0.8794891238212585
0.006441702994107196,0.006702849640187992,0.007050427699129188,0.007296802183795055,0.007511028336354779,0.007730312790934887,0.00800955687408094,0.00839687687680376,0.0007833154119475924,0.0010612237339318801,0.0012829226400916424,0.0015684611468202738,0.0019894530927693404,0.0024685606360435484,0.002978847755326165,0.8792300224304199
0.006453641984762266,0.006734688941276434,0.0070576527152799995,0.007316502316632255,0.007508568194779483,0.007706183606526667,0.007981766414160681,0.008360081108330877,0.0007767320958652882,0.0010570131411606616,0.0013136692207168649,0.001643807780913231,0.0020574775433500206,0.00251459050359148,0.003065289065291986,0.879021167755127
0.006401586820142538,0.006688601611439226,0.006994649020308999,0.007251222251039563,0.00745059670221926,0.00765647839014779,0.00789413811883541,0.00827995732376471,0.0007504766662714858,0.0010309494893859933,0.001286556174734024,0.0016007662183206892,0.001970801394595843,0.002402268730179228,0.0029110010750968045,0.8799376487731934
0.006314612661334701,0.006590790098363703,0.006893208256674937,0.007143450350271733,0.007324425444659159,0.007493652292975673,0.0077438278882591815,0.008095347419732347,0.0007199320879448143,0.0009809848378954913,0.0012124265296390964,0.0015096885964324578,0.001869094172360921,0.0022536329749457363,0.0027663257386949325,0.8814603686332703
0.006310176109637977,0.006576465225781656,0.0068996582819957925,0.007138244998374772,0.007337292652539532,0.007558056200393523,0.007831803300364652,0.008212197599587617,0.0007460114737401907,0.0010188378349749328,0.0012721891605894172,0.001586302063782207,0.002003836273043244,0.002472239968551931,0.002996526367535896,0.8815373182296753
0.006325434324541678,0.006598304197041676,0.006912519278550389,0.007193643903290784,0.007410801480514834,0.00764614379265493,0.007941533258868387,0.00836411479245934,0.0008034133411918827,0.001141589476730085,0.0013752644611930206,0.0016681720336478969,0.0021504622467037804,0.0026675225884625407,0.0031730080945323214,0.8812718391418457
0.006300906282269493,0.006549182268304857,0.006877103247225084,0.0071452798466088395,0.007369490068167548,0.00761004388332367,0.00789556323679208,0.00832429337080079,0.0008216288649423757,0.0011438964561932415,0.0013621525130287967,0.0016554114945007093,0.0021380008584020115,0.0026367259120901026,0.0031731730985521066,0.8817017674446106
0.006244213024612128,0.006484763585156463,0.006805493665062619,0.007046691120072246,0.007253720779410918,0.007478270366135671,0.00775836701144273,0.00814336749038311,0.0007773579640771805,0.0010506833022341183,0.0012709649373786617,0.0015551688017869237,0.0019910722970962525,0.0024609907483211673,0.0029708060602146365,0.8827024102210999
0.0063784972008831976,0.006540482348263866,0.006849977163353352,0.007106700544606154,0.00734465231598427,0.007569944447138494,0.007860392723420654,0.008294633738320283,0.0009363147464615327,0.0012388901828916787,0.0014477662779767103,0.0017493655196444355,0.00227480413837465,0.002768033946102316,0.003277199695306996,0.8803427219390869
0.006221854728129175,0.006418226759642463,0.006692788928044766,0.006929665979512212,0.007102317335429015,0.007310442496028412,0.0075541344907147315,0.007914777922911275,0.0007996034253426273,0.0010386154149668386,0.0012677283324175812,0.0015369126554390397,0.0019127829834467635,0.002349889708638994,0.0028506532988765024,0.8830980062484741
0.006123713948936374,0.0063248212138811745,0.006625673315340421,0.006832101890936444,0.007006061879874078,0.007177139984236823,0.007401995506350841,0.007757226500647638,0.0007308196257611718,0.000962926328859546,0.001170298499792112,0.0014309991577558647,0.0017964837138199244,0.002221860340247652,0.0027090457101863643,0.884828507900238
0.006059507444275148,0.006263806226879659,0.006586553161393111,0.006771665630918561,0.006955088499419216,0.007123232093523648,0.007347639888424665,0.007678626211805375,0.0006868690791655872,0.0009202879599549554,0.001155112767811576,0.001422481517298053,0.0017615873880859978,0.0021511796874430045,0.00263456596870615,0.8859672546386719
0.006027227632312562,0.006270758024971895,0.006562167315772085,0.006765067768016648,0.006962741570239918,0.007121242086092631,0.0073437226791975875,0.007691161399738556,0.0006833645016557038,0.000934848378754224,0.001175679467141829,0.0014531327342545545,0.001829622566750154,0.002234066280250999,0.0027302027350724345,0.8865320682525635
0.005990633797464949,0.006209987286566083,0.0065134478689042805,0.00672046526614263,0.006901047722458438,0.007086847782737077,0.0073105487357887754,0.00763428539338738,0.0007021140746195308,0.0009537333559859481,0.0011811457887944147,0.00147361812943762,0.0018631049140234186,0.0022934762453691725,0.002768980039390249,0.887180745601654
0.005897611253252034,0.0061176685722990065,0.0064223042642227324,0.0066287692096899655,0.006806723226601828,0.0069928622607028845,0.0072256449998829905,0.007571699583169186,0.0006746870694487585,0.0009342414982340954,0.00115135455447616,0.0014152618733419713,0.001786818705273397,0.0022056698171980054,0.0026941242141755744,0.888831377029419
0.005882256453612236,0.006092634616476117,0.006381229368925897,0.006604954053456534,0.006764666204299991,0.006945713130311934,0.007196611527240638,0.007511634081100374,0.0006780047709693009,0.0009234822697009302,0.0011354397737769165,0.0014167027805088346,0.001790005312323169,0.0021896167109510313,0.002679933371768656,0.8891054391860962
0.0059495519852949316,0.006152021418316196,0.006451190200317588,0.006646377385064006,0.006826991153887225,0.007003246503646927,0.007228531846494386,0.00759442120489448,0.0007231138006906317,0.0009697588869317212,0.0012026839058607917,0.0014904568768310225,0.001875237990108002,0.0023087426016627738,0.0028170280258864263,0.8879153728485107
0.005987376688669125,0.006166754517491016,0.006462708617300297,0.006680141966350954,0.006870004900978872,0.007031320231129424,0.0072745470537079705,0.007626027230060462,0.0007599596925054737,0.0010159941308626823,0.0012782817624935798,0.0016074624602441434,0.0020112521143674047,0.002471658775601724,0.0030172474556900437,0.8872427940368652
0.005946886889097165,0.0061318113948359634,0.006427274373444644,0.006653311296745583,0.006831178239700369,0.007020442714594831,0.007272903094388018,0.007618547950930869,0.0007274223961914429,0.0010099044195078439,0.0013029794224384257,0.0016470608197980457,0.0020730822149551274,0.0025297814860990153,0.003094978863843764,0.8879598379135132
0.005860224406325857,0.00606041755339112,0.006339748956338324,0.006544093496671028,0.00672486748558905,0.006918554419419581,0.007163682830855501,0.007513721954541575,0.0007087801993896665,0.000978546547593693,0.0012523692101240158,0.0015659935345954767,0.0019609441823931254,0.0024154435993746074,0.002947823758478518,0.8895001411437988
0.005907662570326015,0.006090098499047636,0.006390965561874788,0.006604787913035062,0.006785835686958197,0.006979227833675616,0.007238717101238392,0.0075970194054773765,0.0007833420465189198,0.0010558009649366642,0.0013402406264234473,0.0017075994425149077,0.002133521441407878,0.0026050004669110785,0.0031533320945521396,0.8886634707450867
0.005885874407886456,0.006051330780140077,0.0063365994780151935,0.006545795731070869,0.006718817152559556,0.006906023576404109,0.007153228396919841,0.0074920075108306575,0.0007675743414095356,0.0010347144703321185,0.0012773702843020662,0.0016000329846083516,0.00201738347057943,0.0024781886839405055,0.0029841919790213355,0.8890538811683655
0.005806279741227627,0.005973755109189737,0.006253343644968989,0.0064712977921119845,0.006649937739075234,0.006848920460301216,0.007085805393830694,0.007475384382487146,0.000747535047858251,0.0010143957912972078,0.001271167807030156,0.0015963283251431654,0.002020765251483179,0.0024920614254394366,0.0030284175668099916,0.8904608488082886
0.0056981391069614125,0.005882469331375277,0.006147762014207615,0.00632132181916574,0.006485547451459198,0.006645977301429016,0.00686783750450571,0.007175855278366744,0.0006781044438079952,0.0009246895509938198,0.0011378790418106297,0.0013945348673697674,0.0017432409417047245,0.002146430258397703,0.0026120741334226395,0.8923904299736023
0.00571334490251511,0.005875691992265207,0.006172908707098528,0.006360591054966153,0.006540244451476268,0.00671173948731888,0.0069634906220115,0.007321928446541732,0.0007321532044296312,0.001003794932756761,0.0012470474673642053,0.001556606965785476,0.0019759616692258852,0.0024212583347603127,0.002953573386576842,0.8921141028404236
0.005612089087314879,0.005777115221778151,0.006035083497212792,0.006233435186874184,0.006382521801324003,0.0065743058267667236,0.006777998488960844,0.007109526396801175,0.0006990152928564283,0.0009329266507517208,0.001152075805171371,0.0014071588062678122,0.0017743907254251967,0.002179142413817672,0.002644279887680253,0.8939181566238403
0.005560217651002335,0.005726980500751071,0.005999687655204876,0.006197019056840377,0.00637616816694889,0.00654348363780012,0.006764675144996707,0.007107272101973845,0.0006786146850296946,0.0009244574315419502,0.0011437977529334701,0.001431284097308663,0.0018228104908759345,0.002243942792467798,0.0027062383740638642,0.8948461413383484
0.005528398122174371,0.005673373779062471,0.005943905649963854,0.006121845849435337,0.006301170918676588,0.006477529206861952,0.006682519840471672,0.0070286451716615695,0.0006793147799643603,0.0009137417023581286,0.0011188949662125874,0.0013921720913363626,0.0017406465680109531,0.0021242139490967246,0.0025925837432093893,0.8954122066497803
0.005527349433827179,0.005674087549700882,0.005938613685694608,0.00610378121687507,0.006252322674600364,0.006430425788417007,0.006637279538795201,0.006936330320658507,0.0006678751760761344,0.000894461714534045,0.00110237841942796,0.0013477573453476936,0.0016815402629700574,0.002081484128078226,0.0025319433949812496,0.8954313397407532
0.005435915182184691,0.005586934335504718,0.005845409415988408,0.006007489998533268,0.0061636107537882895,0.006309567321631242,0.006510845614402784,0.0068134147761646745,0.0006324954431265692,0.0008539676346411609,0.001054201031147631,0.0012850683872346524,0.0016304151716356728,0.002006276936492936,0.00245810601897914,0.8970709443092346
0.005412015247688651,0.005550955125579128,0.005810639257182176,0.005980600165799009,0.006127844284279178,0.006282077764822578,0.006478659382171502,0.00679384769012631,0.0006365326292787738,0.0008695595474405723,0.0010676771477617399,0.0013145418668335134,0.0016689805257501023,0.0020593716189114732,0.002513461808363597,0.8974969983100891
0.005452019719388148,0.005579043428103129,0.005824092672730134,0.005989142570030007,0.006129960183944766,0.00629577064754987,0.006477533581883016,0.006781892904930243,0.0006624206828473995,0.0008652155240527307,0.0010740758769640618,0.001324402757917189,0.001656952314705961,0.0020328793775051934,0.0024833312904092198,0.8967844843864441
0.005428274942292308,0.005571507855697914,0.005834098200404684,0.006003338233991103,0.006167721427249587,0.006337253819611739,0.006554842978615552,0.006863826759134479,0.0006809676699465774,0.0009462900917588259,0.0011519366712231026,0.0014220453874029294,0.0018134527272146558,0.002245489164233609,0.002707918873840711,0.8972049355506897
0.0053545562490845975,0.005503118625192931,0.005769928391734357,0.005924118588669132,0.006095819772293271,0.006251779625110755,0.006454010347926657,0.0067766939951514555,0.0006562025985533139,0.0009052069487696144,0.001120356571318124,0.0013918285117004857,0.0017726319895348564,0.002171140081352658,0.0026254297506929647,0.8985270857810974
0.005353603580094849,0.0055042765758655686,0.005763802393919691,0.005966610433878722,0.006144287203899538,0.006356787189891443,0.006603992747939396,0.006962841553519471,0.0007176139012530998,0.0010005098626469121,0.0011977289367454621,0.0014567702532015264,0.001921017439126567,0.00237947890052089,0.0028405408139782723,0.8985430598258972
0.005309216320351619,0.005425510668393338,0.005699862665198869,0.0058797952803698456,0.0060684664883597535,0.006270021591523681,0.0065170040485834834,0.006858289171549608,0.0007173660703580387,0.0009839593034601372,0.0011870706140342786,0.001465435704899958,0.0019083991496249883,0.0023495153269984504,0.002841243441357757,0.8993500471115112
0.005290334795912107,0.0054194256964356004,0.005663329774281794,0.005825821433203791,0.005975731043301849,0.006146933509645237,0.006347429722246498,0.006666424097838225,0.0006340000182641075,0.0008546000058050911,0.001045322421348657,0.0013020691132605677,0.0016516067050021104,0.0020365869607588257,0.0024851179057700868,0.8996826410293579
0.005246560774455067,0.005353205332450995,0.0056157193450815344,0.005774415156455955,0.005936321485724915,0.006084402246708019,0.0063057584393305405,0.006595595868348273,0.0006558157390717304,0.0008883286681440142,0.0010793877765536309,0.0013211896962890721,0.001667808687395921,0.002077921688155293,0.0025052514566917612,0.9004656076431274
0.0052396114959510085,0.0053311626367296035,0.00559040871433136,0.0057540992945934386,0.005895762978378771,0.00606929881103111,0.006280638468185258,0.0065870514421752,0.0006646557745558244,0.000891916208621428,0.0010991752875172329,0.0013687017753168389,0.001742476519661319,0.0021636101257319403,0.002629043131765693,0.900596559047699
0.005198906855312762,0.005286180862674007,0.005555824092542282,0.0057111707399991225,0.005849460489822157,0.00602063263706888,0.006236675913486416,0.0065282271616788025,0.0006541352022928421,0.0008999348878358752,0.0011089376151963116,0.001383679289910127,0.0017478382446950533,0.0021602056418805814,0.002605443819103016,0.9013264775276184
0.005199312735411655,0.005311024239167622,0.0055619128023333825,0.00570849085897709,0.005879749121890726,0.006039373887709094,0.006244935913118047,0.006535185286493012,0.0006677490078941338,0.0009125931564756114,0.0011485970356448331,0.0014298288559271431,0.0018122779575461892,0.002234393607837584,0.002677010386078446,0.901322066783905
0.005250486557807786,0.005368746751888031,0.005607375969188382,0.005766218383906265,0.005926908407147083,0.006095845806678939,0.006338306614244827,0.006654079830405688,0.0006980909815415589,0.0009721779186115521,0.0012049570177942012,0.0014862605982055568,0.0019126674191718952,0.0023687780304789945,0.0028616647803622864,0.9004159569740295
0.005214402801749181,0.005325830840703213,0.005585173836059442,0.005736587996836062,0.005900881677765637,0.0060725536209967,0.0063102839069334345,0.006633413394894263,0.0007183172172468519,0.0010110490726501452,0.0012296756811013528,0.0015249368392859244,0.0019542556067909857,0.0024167104426658513,0.0028809917419647126,0.9010493159294128
0.005138786290129427,0.005255705454333463,0.005512265148588303,0.005656772962322942,0.0058163131527627756,0.005987667430330206,0.0062044215222400445,0.0065401867784634984,0.000668183400574758,0.0009273910274108251,0.0011327106649877648,0.0013988506086546966,0.0017779893922283995,0.002207318022345453,0.002677266558111717,0.9024100303649902
0.0050641702444164036,0.0052036459548304775,0.005434659128437941,0.005600491226321519,0.0057516098775044835,0.005925511370604287,0.006138524970020911,0.006456840785866233,0.0006448730506529712,0.0009112535514915832,0.0011109152319605904,0.0013875611176595141,0.0017971144970318283,0.0022188412232531443,0.002690714708080998,0.9037567973136902
0.0050438056665438194,0.005157601600042497,0.0053926653633214,0.005558441609445244,0.005732397022672775,0.005905992670693382,0.006144448412387861,0.00647852138838784,0.0006769762550063607,0.0009752750672675945,0.0011521599917148902,0.0013967860954177099,0.0018333274758223332,0.002298859634784737,0.0027376634554830866,0.9041261672973633
0.005028998496180231,0.005154079489836387,0.005371778450831018,0.005537133967434918,0.0056794554396510525,0.0058598316528580404,0.006102428382093256,0.006411493988550873,0.000658774497269681,0.0009336973217500982,0.0011411123310124834,0.0014036621120742676,0.0018060763513901418,0.0022754168068921123,0.002757827857327381,0.9043958187103271
0.004970476147326756,0.005073721310506364,0.005305243832896454,0.005447699114529773,0.005602566080061273,0.005750429274056496,0.005958998133036424,0.006236426898526022,0.0006261526331029556,0.0008667236839982396,0.0010632461702030918,0.0013135820526868004,0.0016821383464115638,0.002085606637175637,0.002511510759692401,0.9054532051086426
0.004862313289571591,0.004979773066461287,0.005200715854713813,0.005338085676082457,0.0054761403287299955,0.0056371876185991945,0.005826737874686116,0.006118830456476822,0.0005747248076830648,0.0007901330312293788,0.0009692308376935194,0.0011986879537803957,0.0015451289575409005,0.0019434269781064505,0.0023419888219749084,0.9074052572250366
0.00483704427984678,0.00495027818964788,0.005177756657303383,0.005316841236067942,0.005447160991956088,0.005620389012776642,0.005823515390707587,0.00611369320338824,0.0005522509334414495,0.0007744639986492568,0.0009657137754439104,0.0012035051360726357,0.0015320089178454594,0.0019174128444708557,0.002340768834557196,0.9078618884086609
0.004863054126889918,0.004960686349708223,0.005183010029070305,0.0053130879295795455,0.005450242486867038,0.005593439209140109,0.005796053594210333,0.006080601131073152,0.0005703313257357087,0.0007828186689452692,0.0009711195460774682,0.001214426472431883,0.00155153676666796,0.001914144802826021,0.0023622703735374844,0.9073954224586487
0.004903470989166185,0.00500139806808446,0.005211741464707988,0.005354775583703912,0.005493084022693762,0.005647051459811753,0.005860832674736125,0.006177064475387034,0.000600845029307937,0.0008407015848892305,0.0010288868525915274,0.0012987920694579982,0.0016787401102608703,0.002080124171344118,0.002565147205936387,0.9066689610481262
0.0048477163798605356,0.0049502850833163916,0.0051621444698937416,0.005292160317351922,0.0054166470011476715,0.005563050618878117,0.005767419869048828,0.006045358931576764,0.0005754040510265113,0.0007903272028924641,0.0009903615052099983,0.0012544706877734926,0.0016116791326389569,0.0019953124501087046,0.0024513748107534467,0.907673716545105
0.00484022315064765,0.004935283211345223,0.005153800035365904,0.00530273817002974,0.005437919592817223,0.005609692582979748,0.0058319153558926955,0.006148815977854359,0.0006234464012964406,0.0008671707332585797,0.0010722084579243,0.0013375713430370144,0.0017320786587116293,0.0021647872735655266,0.0026455774527005477,0.907807469367981
0.004795314135462647,0.004866895987730636,0.005086083499470142,0.005209757186949052,0.0053418985420605955,0.005496695783202495,0.005701264959794504,0.005993731289800972,0.0006149700874155419,0.0008531062691300004,0.0010385064226308657,0.0013003541558027668,0.0016699093986641278,0.002058283163090346,0.002519446501025447,0.9086245894432068
0.004787269935187467,0.004854211833340552,0.005067642655236151,0.0051741708759908325,0.00531969607779474,0.005457483683571671,0.005649015663649498,0.0059416952759328515,0.0006398952544136883,0.0008557554660521774,0.001036524170576924,0.001267409589304667,0.0016298803516509959,0.002025151864848153,0.002453750093476941,0.9087716341018677
0.004830086911379388,0.0048975804538437815,0.005095170355505414,0.005219751506140738,0.005366914551266115,0.005525319659549379,0.00573980177091027,0.006057311539296751,0.0007195512735933969,0.0009429499601023366,0.0011340832438081604,0.0013717550483315882,0.001792478109851028,0.0022178157436526583,0.0026825073542016925,0.90817791223526
0.004730978354134343,0.004801811373193657,0.004992406581989442,0.005115271878964973,0.005234141226368721,0.00536637691536335,0.005546441508664025,0.005825010172847144,0.0006069616458507298,0.0008197318649653233,0.0009974482058475315,0.0012316965896272498,0.0015529785493407586,0.001924835895548766,0.0023448162207298407,0.9097982048988342
0.0046963310813035826,0.004762534034573269,0.004954529832107852,0.005080508638913382,0.005193213436137947,0.0053351402483403886,0.0055064244302434956,0.005754897735937677,0.000588521799103981,0.0008040765639055859,0.0009803682515516826,0.0012246909102907888,0.0015629850804605066,0.0019109768611112429,0.0023290201005610554,0.910423219203949
0.0046345284688427595,0.0047150423580949955,0.004904782450961745,0.005021588725072366,0.005137214029477501,0.005256000141102056,0.005428957136391791,0.005663836925519436,0.000560424870714194,0.0007563768713562577,0.0009496152952865318,0.0011808162749516041,0.001486505741121793,0.0018065838174587147,0.0022180157001773114,0.91154545545578
0.004669170802841684,0.004737481612850119,0.004935628401510643,0.005033017604640036,0.005160041976256001,0.005275059388542817,0.005438272298787178,0.005705632851380692,0.000564179467883977,0.0007702134342657195,0.000955870941356577,0.0011897526725323914,0.001516154458627155,0.0018670715366549764,0.0022851752437124347,0.9109504818916321
0.004599792512466109,0.00467100776355676,0.004847424705622574,0.004966708960055502,0.005073533360203508,0.005210782938734049,0.005362054956481112,0.005630592033517882,0.0005481322515467401,0.0007451935178954594,0.0009324076519620539,0.0011613957044552471,0.0014672366306436584,0.001821874300337801,0.0022466313256960524,0.9121783375740051
0.004561571027732357,0.004618227366445843,0.00480805549657706,0.004923178380988664,0.00502579747526734,0.005155880262554696,0.0053029173903593714,0.005544585365839679,0.0005478062613644584,0.0007367578683176426,0.0009253835148783244,0.0011491563258949754,0.001461283162687764,0.0017823196947574615,0.0021663740377634863,0.9128789305686951
0.004569658218735597,0.0046518625885950595,0.004842710093617038,0.004976628770932605,0.005108312409534198,0.0052700132934332695,0.005462554458415869,0.005757232938551341,0.0005960034488728552,0.0008542189054717922,0.0010376093539123984,0.001248096849029313,0.0016440811018249403,0.002072720879356468,0.0024886192471692057,0.9127253293991089
0.004611910141139018,0.0046978795693980325,0.004896198795098648,0.0050204823013106584,0.005169196045559263,0.005315725068853359,0.005507566957963436,0.005782033814123584,0.000605539360118133,0.0008623068531354269,0.0010523597060730964,0.0012909284658002532,0.00169035532709324,0.0020872167678493442,0.002509975034480143,0.9119574427604675
0.00459480208567397,0.004661873351744931,0.004855535931960501,0.00498188034402401,0.005099720595661638,0.005245164162181443,0.005437939952720295,0.005692917735689015,0.0005947626355772066,0.0008205164324253897,0.0010274695395570412,0.0013053178586542407,0.0016704108302641396,0.002062768870431566,0.0025093831949763827,0.9122719764709473
0.0044948473171352935,0.004573315040832417,0.004754787931839625,0.004881780496751419,0.004995378874468081,0.005143040830037409,0.0053129239064274416,0.005581471098191811,0.0005743596100746983,0.0007996834601316388,0.0010131869057463075,0.0012861304831775751,0.0016541781374300368,0.0020156558051153467,0.0024403654753860802,0.9140891432762146
0.00442606157682811,0.00450620907374504,0.0046849266572632775,0.004796226184677194,0.0049041323940761964,0.005041432982743389,0.005209943892979863,0.0054824571015457515,0.0005295595505372041,0.0007266825823872177,0.0009149995522717835,0.0011553294078669564,0.0014780086637647064,0.0018166497876547804,0.002237991283738653,0.9153473377227783
0.0043607860703259605,0.004425493274072204,0.004611981193525623,0.004711910304597732,0.004822879743696463,0.004944041065294735,0.005115925929562412,0.005397029547177581,0.0005262553265399805,0.0007290782871019559,0.0008763878609395589,0.0010814551602710378,0.0014038306620185223,0.0017567108927752434,0.0021450735691320214,0.9165427088737488
0.004356012256621612,0.004419914648087338,0.004596852418348845,0.004701829608843383,0.0048262688798535154,0.004974243792419883,0.005151942407442664,0.005424564735656635,0.0005443887819570524,0.0007638469281973261,0.0009158882240354011,0.001134163621649999,0.0014899341032059506,0.0018832686573568016,0.0022797984607291944,0.9166322350502014
0.004392593909330942,0.004448092033967426,0.0046327876121508155,0.004751773359197559,0.004888717308389618,0.005037428709593686,0.005241202826451774,0.0055294266804701555,0.0005838447422892959,0.000807500648804586,0.000991715564822107,0.0012192962703730923,0.001604498971742813,0.0020113807547875126,0.0024540903140800167,0.9159627556800842
0.004429823617993381,0.004471086003262587,0.0046429381803029315,0.004751545740197404,0.004862324211131844,0.0050223786898132925,0.005181716226969503,0.005446042667334328,0.0006097110499461692,0.0008169873307148616,0.0009747869952860906,0.001191406412307261,0.0015381344954674492,0.0018960334699262271,0.0022964754903858358,0.9152874946594238
0.004327844362078793,0.004381418707294496,0.004553529068275735,0.004662974605255255,0.004764372260883601,0.004898486135884969,0.005068999774728961,0.00532729004067604,0.0005627142751482801,0.0007712507203396924,0.0009077974021284267,0.001125139544282096,0.0014679378343852682,0.0018418828006645646,0.0022534361504244083,0.917145848274231
0.004313734250914569,0.004367630221325942,0.004525166356101984,0.004642768555418008,0.004746775645198244,0.004871318787838072,0.005038992543814559,0.005298513048626357,0.0005508461236477099,0.0007583889169524414,0.0009131479130349175,0.0011228162400198705,0.0014573152242886899,0.0018115897534371225,0.0022128179029683873,0.9174069762229919
0.004279212285497975,0.004342041051749027,0.004507909032832894,0.0046257220133386475,0.00475804518268566,0.004895818835557109,0.00509195377931049,0.005354297020619968,0.0005574341800678458,0.0007861621464643414,0.000933907444428916,0.001157693113341476,0.001539012627920719,0.001924308158632882,0.0023004370732138857,0.9180366396903992
0.004268206215090422,0.004342853493662395,0.004506277350664942,0.004629577563366906,0.0047440112515130025,0.004883190791313897,0.005083490000028,0.00535038768342047,0.0005748757581392724,0.0008229956106104031,0.0009695319973107942,0.0012046804651618004,0.0015937949696975926,0.001975628497825327,0.0023835361869347215,0.9182367920875549
0.004266305398572274,0.004317366429651626,0.0044941711857262685,0.004590460811098818,0.0047117388935803564,0.004857488816936409,0.005025932217888559,0.005300843886253409,0.0005755505163962592,0.0007945365300684264,0.0009494995021007278,0.0011619698243711131,0.001517848359414624,0.0019140096011286232,0.002275480447895198,0.9182723760604858
0.004201037489718159,0.0042369897518093735,0.004399136280772662,0.004487745059961422,0.004574461672643218,0.004688285376487758,0.004844907598463373,0.005067638074508821,0.0004986098098885331,0.0006724480200897563,0.0008376233837871439,0.0010393696714832326,0.0013181682538103174,0.0016319266874782164,0.002011231516146098,0.9194715619087219
0.004171159621704407,0.004214635338345762,0.004371796284962182,0.004450032639282721,0.004551013521473817,0.004653412891357435,0.0047921086200559985,0.005023489009450983,0.0004927046847865237,0.0006592160749315011,0.0008260466032959396,0.0010194176362720805,0.0013085844766612005,0.001623758190759906,0.001993662808780317,0.9200204610824585
0.004251987670520038,0.0042962154429970366,0.004452670342994459,0.004569576999254098,0.004682833799208054,0.004824285502686645,0.004987291811090527,0.005255779603916387,0.0005736800004737545,0.0008055224544321648,0.0009861102440592013,0.0012399807459477223,0.0016077710785950073,0.001978294207692548,0.0023790705535146925,0.9185682535171509
0.004158390308996844,0.0042003046056437576,0.004362770932591724,0.004467835011405977,0.004574236160877979,0.004707486972664342,0.0048679028571856145,0.005132587735701089,0.0005674958119313123,0.0007948325376217614,0.0009422213309491523,0.00114044123438974,0.00148990563421137,0.00185394398491792,0.00223385225417036,0.920253336429596
0.004130283002475095,0.004178228603067623,0.004340915961398018,0.004445584394313671,0.004546405169297549,0.0046750955158211165,0.00485273575541949,0.005097438149179272,0.0005855842239477417,0.0008115654416156538,0.0009435390300973497,0.0011611850073040535,0.0015365650733111282,0.0018964606779392319,0.0022413555482521602,0.9207729697227478
0.0041284931083570425,0.00416910835739338,0.004337040633464903,0.004425093032394595,0.004537214539468489,0.004679948482850586,0.004848643214212925,0.005110126262160664,0.0005593630250054177,0.0007789041313910324,0.000938831336846456,0.0011692731562838812,0.0015572365962897086,0.0019341043801821443,0.002316341190426438,0.9208064675331116
