loss_reconstruction,loss_prediction_1,loss_prediction_2,loss_prediction_3,loss_prediction_4,loss_prediction_5,loss_prediction_6,loss_prediction_7,loss_linearity_1,loss_linearity_2,loss_linearity_3,loss_linearity_4,loss_linearity_5,loss_linearity_6,loss_linearity_7,lin_dyn_weight
1.0651505974808124,1.0776336213956377,1.0737843722205371,1.0701319697730067,1.0665535499752572,1.0625055961737329,1.0597297398730963,1.0610867086082998,1.3552790274521102e-08,2.0886797555667217e-08,2.992968271813706e-08,3.905198291850171e-08,4.763320628769871e-08,5.427169363482294e-08,6.046975026086694e-08,1.65569922216946e-08
0.7096267680126409,0.7229176306162619,0.7276226878567577,0.7320498919246172,0.7365921367298472,0.7414054607301449,0.745679581125176,0.7491921036331742,1.8250738269453854e-06,2.0228000663361797e-06,2.2169997969791034e-06,2.4290130338590414e-06,2.6366486268389267e-06,2.819659346378501e-06,2.9870653882178225e-06,1.1533684300957248e-06
0.5866077723727885,0.60059364363802,0.6046425617102421,0.6097205984070646,0.6143008042666246,0.6190116930489589,0.6241385219073055,0.6296741617247713,1.897612547028421e-05,2.1325612126344733e-05,2.3476393026713697e-05,2.6139317382979976e-05,2.885020609634618e-05,3.144165419860546e-05,3.38027224937134e-05,9.856255019258242e-06
0.503629410728461,0.5168942473954223,0.5215360381386497,0.5258152348425252,0.5295410939740011,0.5327697808493669,0.5360837557500461,0.5399414348281193,9.769816743366746e-05,0.00011132527017332488,0.00012244711785266797,0.00013771674451527972,0.00015332934396460602,0.00016894824081649281,0.00018390434439786356,4.776715286425315e-05
0.4328884811714442,0.4450780004764647,0.4484900850238222,0.4521226985687359,0.45569891239256166,0.45891121469362817,0.4623600503812334,0.46606693203601773,0.00039140344456289753,0.00044223619687687666,0.0004899394030522819,0.0005508264783857647,0.0006137593345158429,0.0006774023168968031,0.0007396168787320856,0.0001917005720315501
0.36728601742673805,0.3792855349454013,0.3819576167096995,0.3844848745198362,0.3875274051319469,0.39050424460208777,0.3938195308852276,0.39746381618358473,0.0012471243137060994,0.001395058786176672,0.0015502231364900416,0.0017428778989949211,0.0019454586887199068,0.0021542561550935107,0.0023553891038453137,0.0006996224401518703
0.30650097372555973,0.3180836889478895,0.3204023075424862,0.3225472108282224,0.32493620946351126,0.3273104389909943,0.3301070661255808,0.3332556161013516,0.002741346952289042,0.002997164633940366,0.0033091779258917478,0.0036944774039064593,0.004110775346105749,0.004551202816393239,0.004991452024641262,0.0023251043166965246
0.2525867556783085,0.2636829183559225,0.26578234775299175,0.26783817930253667,0.2698552748169562,0.27191220550023343,0.27427789370218914,0.2768522956154563,0.0041910630936173076,0.004448894780091565,0.0048137687974505955,0.005257389666857543,0.005728162223040455,0.006210659469418253,0.006710723704761929,0.0067170532420277596
0.2070465948043849,0.21708166639411489,0.2189426484734121,0.22072147712964402,0.22226344985191268,0.22388935024890835,0.2258060668855404,0.22789276617544668,0.005332141206521378,0.00555450226923432,0.005990208916190497,0.006434402617340538,0.006889322771367802,0.007359413215608308,0.007824365839813694,0.01645744778215885
0.17044650864119482,0.17908370165712503,0.1808154335728398,0.18231982398113417,0.18354242064736107,0.18483194983768142,0.18642359277616044,0.188248637870506,0.0062092897867915605,0.006507054086686786,0.007106743035493073,0.0077400907924279625,0.008421000697797396,0.00912224763772303,0.009847272024411545,0.0337841771543026
0.14136376088917857,0.1483856140162407,0.14975241506942594,0.15098701607097278,0.1519758804077251,0.15307236343923242,0.15443500782102848,0.1560418451675261,0.006946282229238889,0.007262489204655592,0.008053755494279894,0.00894266340869043,0.009914444883664449,0.010901466945205072,0.011934333859067975,0.06003785878419876
0.11791388303141803,0.12387495586767742,0.1251612435286294,0.12631225040063312,0.12722263167602849,0.12824531283844198,0.1295151553170047,0.13102326120190347,0.007003463027051803,0.00734520858084714,0.008209388319290046,0.009260598371927987,0.010407948473888616,0.011667555309706666,0.013018269992436625,0.09553574025630951
0.09973377105262544,0.10491252692058833,0.10616260578335335,0.10719496545566855,0.1080072906282213,0.10894692851236773,0.11014748839818267,0.1115763879384256,0.006550521230456805,0.007038474865634032,0.008051933373264994,0.00927713535450123,0.010636797828305048,0.01213542138687288,0.013752583100739553,0.13694390654563904
0.08580893023246867,0.09007895241682778,0.09118524464693936,0.09217521935601025,0.09294563865019416,0.09379046292417378,0.09486570679378831,0.09618395298016995,0.006497326593607765,0.007040804815212083,0.0081656437781122,0.009466091239893878,0.010938041770096982,0.012545693532786385,0.014288372724545926,0.18071267008781433
0.07441071151984661,0.07800626305217294,0.07894958193454678,0.0798388729994546,0.08056737068124893,0.08134575628672384,0.08238474712628709,0.08359413612571229,0.0058048851762957845,0.006314306778939886,0.007311058932482594,0.008531892043773574,0.00994673554443751,0.01151930965759136,0.01323409829075489,0.22664843499660492
0.06572714218186208,0.06860237900255504,0.0694125224845578,0.07036005463263001,0.0711516265917306,0.07195313297939622,0.07288203420061054,0.07400536340495151,0.0057407345886182305,0.0062917412682013075,0.0074152349823653095,0.008729727621431704,0.010252223783470564,0.011952236796468998,0.013853869945914657,0.26950737833976746
0.05857620607271339,0.06110458068976097,0.061938136073475335,0.06290270286778409,0.06366084609368834,0.06439153538007127,0.06533044969995415,0.06644004282325205,0.005737841435353764,0.006271545077213133,0.00740952998500079,0.00884245135366716,0.010593242095375703,0.012431431488958674,0.014395056740202085,0.31081831455230713
0.05225165846070858,0.05447092614189944,0.05520648835885404,0.056110380594979234,0.056877122342787204,0.05762618153986305,0.05847055406281442,0.059496258364783394,0.0050729070097107675,0.005599892796691419,0.006666540407171153,0.007957746344383317,0.009534237782160442,0.011273588776989817,0.013123988131882766,0.35254883766174316
0.047349823291353905,0.04920899105393124,0.04988357234081435,0.050772555950113415,0.051561651205775716,0.05225062603099579,0.0530074605235347,0.05396268010540843,0.004788916093933863,0.00544535021990638,0.006470766588292941,0.007786829985352076,0.009350868437426661,0.011094038193474714,0.01302152708524004,0.38881006836891174
0.04310001316496018,0.04489986511191937,0.045570032845442546,0.046412012472698584,0.04718682962635952,0.0479208656031676,0.048690057523322824,0.04957457965471929,0.004463667643290979,0.005059771187076665,0.0062039471535570295,0.007589867098965628,0.00924308104346497,0.011049143081963664,0.012958049804273277,0.42326420545578003
0.03884014112228898,0.04038840317565584,0.04103424793943412,0.041922937719910236,0.042753786571098094,0.04347755623987628,0.044236237272269,0.045083304928609416,0.003851134304948126,0.0045056529343128204,0.005598976866966145,0.006917169961062344,0.008480906506580134,0.010141806916556374,0.011962715172607087,0.4607589542865753
0.035842151199828094,0.03700415176976008,0.037508471485741615,0.03842302037007881,0.039244941649613556,0.03989178837349118,0.0406166465194137,0.041434214131197945,0.0035706806238050815,0.004224798389356145,0.005181522276064362,0.006417153454589522,0.007918749704505458,0.009543795527432503,0.011276681174332847,0.4891643822193146
0.033198920434171504,0.03424340364106175,0.03469892248561487,0.035529760900972665,0.03630888943720346,0.036980374453445077,0.03770827520575989,0.038526733194537435,0.0036302115279014664,0.004284524900042248,0.005180085059067216,0.006382329932567648,0.007868879672252771,0.009425222497395795,0.01107747480524108,0.5156735181808472
0.030489646697335372,0.0314359744991919,0.03190133613769454,0.032791204685313935,0.03360056764750368,0.03425467287249838,0.034956733947651156,0.035744037010051584,0.003255754842200263,0.0037905522267826478,0.00464400350294932,0.005757924237034537,0.007119510751782042,0.008633458840124534,0.010223557150323784,0.5443092584609985
0.028311357263362768,0.0290540230996681,0.029435924929801863,0.030297418776586,0.031079069191357906,0.03177869428287853,0.03251521992763686,0.03329021352710146,0.0030360023180643716,0.0035569152095502473,0.004391025975095704,0.005507740338242014,0.006848118552053818,0.008275743305482447,0.009792273223199427,0.5685080289840698
0.026845037029046403,0.027465860931961624,0.027736280020639954,0.028592065729276098,0.029356831452661894,0.030060310476155393,0.03082073238562253,0.03156723335937217,0.0032849019249079603,0.0038867045933951433,0.004684516506564336,0.0058280462066733875,0.007244721677166846,0.008807663714845574,0.010448764068911773,0.5854265689849854
0.025332120617832802,0.025889239126584345,0.026070517181146023,0.026821689613740454,0.027568208147781065,0.028222331013342348,0.028982299285304266,0.029790555888956242,0.003344472098832179,0.004045030615145108,0.004778996764710455,0.005924948979708482,0.007418646956935074,0.008949667581604787,0.010562762347134677,0.6034263372421265
0.02374238065672844,0.024214643541008534,0.024394604152300544,0.025126528017448656,0.025865023384993326,0.02653942945027592,0.027300299137128323,0.028040347536806304,0.002868797130857654,0.0035156434859691644,0.004234568047202396,0.005291233199212687,0.0066643714102029,0.008061820830560293,0.009492541222459941,0.6228342056274414
0.022313375659412406,0.02276629915943852,0.022920956414958043,0.02364164944048281,0.024400439808264323,0.02514234883616669,0.02587477105233806,0.02665891773772962,0.002769712908099396,0.003359359241896607,0.00410093924011847,0.005144935525226272,0.00647748812079831,0.00790077691226696,0.009387719781711847,0.6408210396766663
0.021291247311264576,0.021603296702156966,0.021727966740476563,0.022331161531133684,0.02300226305068944,0.023741514534259885,0.024490614832451046,0.025246435102790295,0.0026257150100939203,0.0031670428411125734,0.00377037049543978,0.004668496968067856,0.005888778533197012,0.007184228240841567,0.008578195114328403,0.6540085673332214
0.02015641802037605,0.02059189867893052,0.020674557015550658,0.021205176488317625,0.021849249689667314,0.022505063039285164,0.0232297253528428,0.024040294797332197,0.0023837680542709854,0.0028993606040574084,0.0034817441043628987,0.004379328189775197,0.005561719854873439,0.006836991910179857,0.00812493839649239,0.6689800024032593
0.019521643989013904,0.019802815474645057,0.01981607370505028,0.020341434623255873,0.02093126862137406,0.021542694773336854,0.022333061996132435,0.023116499245768845,0.0024423295550474815,0.0029307418800765014,0.0034691343052620036,0.004289420420673961,0.005453107774458349,0.0066841394411594375,0.00797571012066671,0.6775251626968384
0.018504243918540903,0.018926234658719714,0.019037413296073374,0.019493094658610797,0.019992796820823593,0.020559777635516543,0.02137399885790918,0.022221028363263166,0.0021203249329167988,0.0026125847164428597,0.003136541054706381,0.003921340734569312,0.005005171599010827,0.006168471311880684,0.007375972093355776,0.691377580165863
0.01822617855111156,0.01859593933278864,0.018610193081175036,0.019046925715725832,0.019529043223320032,0.020051892116816357,0.020784963301135235,0.021634392786507653,0.002508318458091129,0.003069242870165443,0.0034345673365825755,0.004171379246695675,0.005407016305409698,0.006667877528001163,0.007848099395883604,0.695260226726532
0.017589461131127998,0.01794079263202269,0.017989084174737383,0.018452843291189534,0.0189434310402533,0.019481879292112408,0.020218895380745835,0.021032979010732887,0.0023962961453380008,0.0029462543977832154,0.0034371427990972795,0.004261495065107089,0.005482263105485575,0.00674487623803142,0.007985203620359954,0.7040960788726807
0.01717581056083493,0.01757608843772901,0.017704241735365254,0.01805474796279111,0.018518987639183148,0.019109007866695674,0.019842348415843567,0.020687995153645472,0.0022560604882461053,0.002768682741155528,0.003421524009018233,0.004334751102659438,0.005536134566120828,0.006815419433895587,0.008147838009326948,0.7099472284317017
0.016684605191251645,0.017072762834905372,0.017125323214113513,0.01751222287364279,0.01793627669714918,0.01840579407383697,0.01907781143782516,0.01992405426221263,0.002245856043866989,0.002753212034501612,0.0033119497149681,0.004153417738198432,0.005300802263346585,0.006528934996938866,0.007760898257144774,0.7169256210327148
0.016306305768263057,0.016717377365237533,0.0168213806770466,0.017152165794613386,0.017508063613364995,0.01798808240529263,0.018676424056592613,0.01949913101364868,0.0021997146534197256,0.0026948880253717155,0.0032188841013193934,0.004006160148466476,0.005124719370695878,0.006258545690514022,0.007393766247262858,0.7223235964775085
0.016034620289098134,0.01641967586596004,0.016509444243980178,0.01682122088843323,0.01718340328446141,0.0176972359418869,0.018400457762307188,0.019228211637297866,0.0021921561874123133,0.0026758926509807407,0.003238557264058277,0.004059447107290981,0.005167911766153393,0.006323603698701569,0.007583692890626413,0.7262550592422485
0.015656225931413647,0.01605571717124194,0.016122125796597414,0.016429688663595052,0.01677108458196274,0.017244291827333495,0.01786025436438294,0.018641969471266777,0.0021214159287085838,0.002613178841293059,0.003143366970598497,0.003920846836334126,0.004968868113226361,0.006101535215522304,0.007211333438001498,0.731733500957489
0.015144553060583795,0.015489364192140625,0.015567392171031296,0.015859965403071958,0.016142600022181115,0.01654874410492804,0.017110744610378637,0.01787302907468494,0.0018834518325148207,0.002268650390283026,0.0027171964246014554,0.0033926414971801166,0.004248416980709693,0.005210052706577159,0.006229720232061264,0.7392515540122986
0.014991488525963792,0.015270800281454016,0.015378576316416063,0.015688543618728817,0.015972390078534984,0.01633826187162688,0.016927866863481925,0.017694572437090505,0.0019331234071391199,0.0023634996779438623,0.0028154263040834804,0.0035169382338170654,0.00444100519974625,0.005465000687223492,0.0065142491801017865,0.7415209412574768
0.014569822727680608,0.014929919421472131,0.014979450369523431,0.015267175486192157,0.015533489119324218,0.01591520886429231,0.01648029984047116,0.017269247810447256,0.0017010135105764023,0.0021343433746585138,0.002522261791959756,0.003132601353255185,0.004003780882065545,0.004922248122065959,0.0058402403787731726,0.7477542161941528
0.014425557242198423,0.01472275299255294,0.014819027398170445,0.015085712586990511,0.015336907742802141,0.015686759131926076,0.016270095571524368,0.017016715072220825,0.001794300903174211,0.0021606685273876094,0.0025788738558489063,0.0032123188303175196,0.004053068951223836,0.004948711189557406,0.005923252269274458,0.7498766183853149
0.014164753087642618,0.01438191320358302,0.01446388253459224,0.014739962228219517,0.01502388449831041,0.015315898179205178,0.015818333766275786,0.016528012375237565,0.0017620751765942333,0.002211289522974981,0.002476913803053223,0.002949086298244168,0.003835860128053511,0.004703082633439941,0.005528232405081341,0.7538290023803711
0.013873124703363538,0.014152037846520292,0.014298699811251477,0.014546292066975474,0.014770291389439643,0.015116584250822613,0.015668599172071977,0.016348865568035782,0.0017196798766100849,0.0021205391910441396,0.0024560137027843233,0.003011472307471715,0.003827260941367358,0.004672816154932735,0.005567828764016379,0.7581753134727478
0.013800995235616712,0.01408609623459453,0.014239037598825064,0.014513834177042901,0.014745731436042272,0.015066705879940329,0.015637483671056704,0.01636941039602363,0.001659064524201833,0.0021109369668093595,0.002533143867898469,0.0031697554018360998,0.004088635220872834,0.005051717121994455,0.0060014745904139,0.7592815160751343
0.013814789003469928,0.014104330760461312,0.014341961313979794,0.014636664860176318,0.014935508922294335,0.015270666883449361,0.015829818367155312,0.016563472914374638,0.0019933162062657802,0.002567117490652033,0.002984955349955896,0.0036539815265923636,0.004693128971339075,0.005714154128073041,0.0067386666933695475,0.7590603828430176
0.013503434647639792,0.01375138587020463,0.013957321312692431,0.01426270022135391,0.01454918562161802,0.014872573521803526,0.01538759774029857,0.016136694636810507,0.00188375994036294,0.002404980105583114,0.0027517950645199528,0.0033317043198278855,0.00431939513996394,0.005251621668186252,0.006119639955787145,0.7637935876846313
0.013272147254410015,0.013387068774965075,0.013612179091883829,0.01386119873836787,0.014108004774710145,0.014481561242129265,0.01496182771443518,0.015623665518230863,0.0016155998376182433,0.002013800112587033,0.0024559636697524326,0.00311116785413087,0.003900786336222883,0.004759230123525517,0.005729749618154583,0.7673262357711792
0.013068200662255489,0.013209034828625945,0.013380317415051187,0.01365933339001755,0.01386547337477456,0.014184183052894643,0.014735039125387917,0.015446712171991265,0.0015497557969406397,0.0019750691009591324,0.0024030029999487328,0.003032375375429789,0.003826885978982906,0.004731457718092986,0.00569963088942698,0.7704304456710815
0.012775918963656882,0.012927297731039901,0.013121039969752533,0.013354204871036389,0.013567001239619271,0.01383678446514438,0.014325222503456603,0.014993427738998876,0.0014182082794431082,0.001794336640874946,0.0021659779553662244,0.002729370635667634,0.003462059820942606,0.00425566661387983,0.005149698347756357,0.7749417424201965
0.012618971269213993,0.012682600565229601,0.012852959078971786,0.013109747578800728,0.01332636945175402,0.013580120242003238,0.014050802357670434,0.01469384015409232,0.0014540986041930387,0.0018117034952046494,0.002182452319196178,0.0026945684920457076,0.0033931088668328743,0.004134804381665959,0.004985163624238486,0.7773539423942566
0.012482633192079637,0.012616109968435884,0.012845450609621376,0.013061726354187987,0.013251804894068426,0.013524471589611837,0.013948303099834558,0.014586507461287758,0.00151385140388903,0.0019014733495435329,0.0023566073866604954,0.0029719207824681344,0.0037544938299792384,0.004608538157309747,0.005552424114159863,0.7794678807258606
0.012498455964380041,0.01260524636968619,0.012841192610336073,0.013203142528180722,0.013403036628508006,0.013699069849971168,0.014139181716674908,0.014775937584915546,0.0016329862879783618,0.0021290258200280993,0.0024674392408794827,0.0030666419226513166,0.003933480477292931,0.0047956508468297195,0.0056206351679182216,0.7792185544967651
0.012132807197017903,0.012250616042702287,0.012476255265550582,0.012751521024639759,0.012943006745893947,0.013243010579937636,0.013681542893451472,0.014329043341806843,0.0014216421981050511,0.0018495663586590024,0.0022455258652417345,0.00280171748664644,0.003556258427073257,0.004414329163554541,0.005316039864663724,0.7849209308624268
0.012067573833646197,0.012157567683293763,0.012359053719324697,0.012669633002794953,0.012848423898019374,0.013097264168639777,0.013528133923758562,0.01415539573539387,0.0014053075477129682,0.0018525855496575937,0.0022671291322419137,0.002835743272244328,0.00361599987654975,0.004447321287710659,0.005360832047783566,0.7859458923339844
0.011812334539061444,0.011847125701229982,0.012039571669366625,0.012300014034264818,0.01247242399137028,0.012700389360739325,0.013121786914289198,0.013681427366805799,0.0013209427954622792,0.0016854627440473448,0.0020540840070857745,0.0026007989402672257,0.0032680786518938213,0.003989776158673996,0.0047945415783008745,0.7899523973464966
0.011623039532465365,0.011668393126240482,0.011907529449623443,0.012182221719712921,0.012377886469115312,0.012554990853926149,0.012960380807468787,0.013552793499195215,0.0013245588657681388,0.0017190579651080399,0.0020155206360299178,0.00247509881402507,0.003162702524200433,0.0038887847603772223,0.004623146099273605,0.7929317355155945
0.011527406549087477,0.011566608642488216,0.01178489570264463,0.012058934157946295,0.012233403686321143,0.012416223383913136,0.01281422491025443,0.013408160139414598,0.0013302883183464458,0.001740964007899416,0.0020896837052572456,0.0025949588929763947,0.0032885860538843905,0.00403854423500472,0.004810412085116512,0.794450044631958
0.011541916524069478,0.011537882625454604,0.011779000100864705,0.012023411555723711,0.012169950026454348,0.012418586968974233,0.012805832164857525,0.013359804025001398,0.0013440097572426201,0.0017215991085426574,0.0021427496088674974,0.0026989356887460957,0.0034152038169629646,0.004180875260019142,0.005047700792450696,0.794218122959137
0.011374764497507904,0.011358581408105715,0.011558898199688304,0.011840106521792685,0.012010661500070232,0.012204457593686652,0.012565250428838761,0.013107213909778532,0.001380986247450013,0.0017352673905566083,0.00208828265367935,0.002583553938050864,0.0032292285501354873,0.003927403502793424,0.004741906194072781,0.7968884110450745
0.01114077380159086,0.01116380775817717,0.011389688269457833,0.011692572954527858,0.011886556351224983,0.012073378591023712,0.012456523850309327,0.012990798502658754,0.0013255352279804772,0.001732973677893279,0.002027108832591712,0.0025055248729307644,0.0032234849251480614,0.003926109447322711,0.004695884311440015,0.800589382648468
0.010971368251600451,0.010953202683114845,0.011176857121464379,0.011467877221027207,0.011657355138749787,0.011837539688906686,0.012222986721029186,0.01273423929005761,0.0013170108650669907,0.00166892372071743,0.0019582044571537765,0.0024540691614552378,0.00311693880794827,0.0037623830164723124,0.00452331199188425,0.8033239245414734
0.010946466092032816,0.010912251412266432,0.011145709439961597,0.011462161516902422,0.011672789059102736,0.0118977693295238,0.01225102369231407,0.012732328238712015,0.0013721839810160274,0.0018130628109881372,0.002056386171266286,0.002513731805363087,0.0032298304868065546,0.003934523874661738,0.004664322518138372,0.8037033677101135
0.010834216529045643,0.010791427137875799,0.01103709279888808,0.011349568814540953,0.01151970209497394,0.01175310041767981,0.012185429021565601,0.012666305488207526,0.0013458711907317743,0.001792503977413932,0.0021412291523282374,0.0027177349711307373,0.003466805446930606,0.004224326888017783,0.005054230942870631,0.8055062294006348
0.010580576917388625,0.010479655982267976,0.010749255858286462,0.01099077780238707,0.011182655429197884,0.011367137203312883,0.01172366834650136,0.012265742106068416,0.001180090412798554,0.0015790181729930016,0.0019160836884871075,0.0024079866055085604,0.0030843759124929253,0.0037862464233681006,0.004570580652667216,0.8095868229866028
0.010449735132306312,0.01038657789077823,0.01064955867099441,0.010893047046581101,0.011095349305005185,0.011319732094051863,0.011650242097048647,0.012130131474649064,0.0012254059320999315,0.0016295870170248076,0.00187732727589832,0.002318513852478278,0.0029938499007361504,0.003677088453713491,0.004397506078686377,0.811704695224762
0.010375315729240175,0.01029902417651732,0.010512753688927852,0.010795977942469948,0.010965415725001582,0.011124714948111512,0.011489876452519837,0.011955939328630365,0.0011564457757705792,0.0015185223183647953,0.001827938528574677,0.002303207728397164,0.0029520049540683476,0.003633236794760733,0.004371968890079344,0.8129130005836487
0.010314670250271305,0.010227338232175268,0.01043271375224245,0.01072443542055008,0.010908883559182035,0.011101535895858149,0.01142082306672427,0.011877716962335888,0.0012602540441735426,0.0016672075973817395,0.0019372264945547188,0.002395975318821994,0.003085383697591647,0.003782603633825225,0.004506412068200031,0.8138982057571411
0.010191382913025541,0.010087329701141075,0.010321554722207965,0.01058588723341624,0.010742689463425967,0.01093193637802946,0.011253332399358653,0.011713419779382572,0.0012047890498481616,0.0015644382798310481,0.0018907208434660427,0.0023783879423582995,0.0030357230868604448,0.0037232552313242696,0.004527359960055111,0.8158888816833496
0.010007731496083616,0.009902813985492243,0.010144077306644683,0.010397464618939744,0.010585841988072251,0.010794675079259006,0.011102311900167755,0.011549640063083533,0.0012041997703839632,0.0016026490716019063,0.0018753732783525479,0.0023070350000854293,0.002988369396639994,0.003658109584741721,0.004361789528067265,0.818881630897522
0.009886701672842807,0.00978022960299996,0.01000386372158423,0.010272312104099929,0.0103975666492475,0.010625661844356293,0.010914212073942628,0.01137017770247026,0.0011787983052658313,0.0015781297978728708,0.0018606055126547411,0.002338313288760908,0.0030487953512756912,0.00370111043756257,0.004412883550229699,0.82085782289505
0.009908647135978797,0.00979535880714956,0.010003124127283642,0.010270810819635488,0.01045226919329929,0.010669950804726443,0.010980013775504399,0.011405189310260092,0.0013165226212454965,0.0017699063125282827,0.002043773666626275,0.002567033730572723,0.0033230146299106905,0.004050493902630277,0.004791150982131059,0.8204978108406067
0.009707363932597315,0.009605912538088532,0.009799982020349214,0.010094087583448751,0.010271181783290825,0.010455692526868699,0.010785083156643492,0.011211382389469981,0.0012614815448871767,0.00166978821133323,0.0019380874568063402,0.0024461720452364846,0.003134689163981062,0.0037992444177869997,0.004489161879426301,0.8237983584403992
0.009503386852014748,0.009372697093270042,0.009617016752962311,0.009811097694567157,0.009937359006316574,0.01014911145072192,0.010419789608881529,0.010836028902217595,0.0011222181289836212,0.0014692384574048045,0.0017743061337406787,0.002244817475578199,0.002876312616798613,0.0035458641873064266,0.0042699680735767895,0.8271679282188416
0.009484913390167434,0.009386653460637488,0.009628996298168645,0.009865252498023036,0.010028632231031604,0.010206874161456972,0.010489285574216233,0.010884090304776073,0.0011681081689517907,0.001577423448966007,0.0018707207607901858,0.0023634792427824,0.003045342064867116,0.0037084364304036804,0.004421335604255047,0.8274812698364258
0.009506390234361393,0.009414634524973153,0.009634766700091186,0.009889309329015238,0.010055513108017469,0.010217685982434437,0.010465310318301422,0.010898140584579621,0.0012186752607174192,0.0016481735878420198,0.00198314529326227,0.0025077865882353347,0.0032284213863438627,0.0039301177718824,0.004632583207855321,0.8271256685256958
0.009347625073635017,0.009228718110206553,0.009435228371258937,0.009630997634495951,0.009794542424205176,0.009974610283719971,0.010255582053653319,0.010604340951852123,0.0011672407338514873,0.00156680585609542,0.001888693367391323,0.002372335549757537,0.003038397988285681,0.003735395405529324,0.004473894525959034,0.8297469615936279
0.009330394468348636,0.009215114759877073,0.009444340757448665,0.009689275363478998,0.009830977338733095,0.01001003891329974,0.010298607224968547,0.0107312664138749,0.0013774869756566154,0.0018001047160589334,0.002098492658399171,0.002591386639359423,0.003315361022246807,0.004052962606101726,0.004773938628258529,0.830046534538269
0.009047017306064315,0.00888954460219502,0.009110010347583077,0.009302932716379261,0.009451334589860255,0.009591782032841384,0.009852302245018056,0.010230657352943612,0.0010785428550006565,0.0014259687546477574,0.0016862527112968843,0.0021150000318132267,0.002711301043579474,0.0033228963462993352,0.0039361172503092475,0.8347311019897461
0.008837397436075138,0.00868085931346874,0.008887443804379665,0.00908149110548424,0.009215711443512528,0.009351975227445866,0.009613901035552876,0.009983805930775023,0.0009767698167951822,0.0012972065796354403,0.0015729015435935673,0.0019937660645455223,0.002585484932869773,0.0031951981988619475,0.003882328639126787,0.8382322788238525
0.008677430996539616,0.008523257202170915,0.008748449535682948,0.008920859362340536,0.009025778904908435,0.00916957043437444,0.009390205069623812,0.00978316954691402,0.0009365669617849568,0.0012375843218882076,0.0015411493628715426,0.001956524658534262,0.0025299917241740307,0.003121084913059517,0.003779179886334673,0.840908944606781
0.008618796744104788,0.008473411623877708,0.008666413430413012,0.008873605477288115,0.00899908271702853,0.009187982554989631,0.009457442114248822,0.009851875379430726,0.000959094114576526,0.001337779142113045,0.0016355283282421253,0.002071654789074503,0.002714979069100486,0.0033872337328263807,0.004069991490054211,0.8418998122215271
0.008564523346596695,0.0083939621043125,0.008635781715413939,0.00883701564085604,0.00899266918199231,0.009150376163347802,0.009422454609212651,0.009808024312510636,0.0010051832951429717,0.0014167778632957926,0.0016579751552455754,0.002045268695864212,0.002697881386436597,0.003306137318864013,0.003916742825748945,0.8428142666816711
0.00851227893033112,0.00834196468796393,0.008600188962337545,0.008800123667074776,0.008994467180184644,0.009185009161229888,0.009463215120111652,0.009858072295734778,0.0010900697605025888,0.0015111487396437713,0.0017774462875493047,0.002215036773671606,0.002928329856207074,0.00361899718491718,0.0043030444018367165,0.8436916470527649
0.008525263610913698,0.008399594507434152,0.008656936954167556,0.008921329335933582,0.009132215541219872,0.009354808224170697,0.009675326893225263,0.010094459119067851,0.0011979982244346278,0.0017095100598704535,0.0019577918555399383,0.0024083924250871643,0.0032308855592602433,0.004038847732022154,0.004686146352427575,0.8435046076774597
0.008493295161411016,0.008323976502876088,0.008564671186686365,0.008769748954459875,0.00890781274849317,0.009092314315564705,0.009372845171677946,0.009746031302594977,0.0011072408295038974,0.0014757531259196374,0.0017248096690836178,0.0021681440912613564,0.002851469313054775,0.003482926273185396,0.0041518595910032185,0.844045102596283
0.008354180011434186,0.008183065478247825,0.008468738434089957,0.008733872457184776,0.008926976003028728,0.009120861443405601,0.00940982182619949,0.009839584058784073,0.0012272600630166555,0.0017554107012371424,0.0019125969660302204,0.0023073800710917323,0.003112150329833079,0.0038607860730352625,0.004388015358536332,0.8463800549507141
0.008318522911180149,0.008197179592217661,0.008418180605377813,0.008651632206006484,0.008840174591701841,0.009051815417880563,0.009348116393643196,0.009807339952850984,0.0011434826448007867,0.0015582344046345463,0.001919912086542608,0.002424098385704888,0.0031646725981925874,0.003938335902763135,0.004712208844595887,0.8469628691673279
0.008110142842261277,0.00797880986322859,0.008221994807021786,0.00840223536948965,0.008581277166151438,0.00874782780103812,0.009051300153788492,0.009443994317993974,0.0010911840174083758,0.00149331746328158,0.0017791327189415793,0.002233055102253201,0.002948972407214168,0.0036900962643350416,0.004405843336072433,0.8504972457885742
0.007926824431151452,0.007747130687991377,0.007971804155043078,0.00812867402729362,0.008253081945658533,0.008390742229291485,0.008606086897127557,0.008942618599845104,0.0009733168941354912,0.0013098850457455573,0.001588210657941372,0.0019912373287107807,0.0025760997350167745,0.0031817517020686307,0.003794002312201041,0.8536244630813599
0.007861127956497549,0.007669501528394744,0.007893568096738874,0.008045412690350504,0.008187429070071339,0.008327182244371486,0.008577095097564286,0.008929435181296635,0.0010089092966332179,0.0013276456494624366,0.0015569418969780507,0.0019327819071434163,0.0025271213917619855,0.003110278397798538,0.00371714173392816,0.8547320365905762
0.007659362998135664,0.007491756945547432,0.007675361588145748,0.007839119163426486,0.007978537919545415,0.008148418412064061,0.008346931636333465,0.008736959170010756,0.0009480611863310891,0.0012863668610000047,0.0014841709511749673,0.0017912019407909728,0.002373418446492266,0.0029686715366061688,0.0035866567156330907,0.8581796288490295
0.007587403915069922,0.007425089892915604,0.00763800968525787,0.00780844782739376,0.007977335752060116,0.008090784187469419,0.008320567709227603,0.008642434978525244,0.0009429493204060227,0.0012978214243746767,0.0014488460000616934,0.001807087905679889,0.002439877907635788,0.0029831038004019443,0.003457946909798516,0.859420120716095
0.007520703149815199,0.007360299312907838,0.007578374174508182,0.007747591013458842,0.00788161370790366,0.008052073002664329,0.008287413613964813,0.008657207041477114,0.0009532369021012727,0.0013172646501549967,0.0015014156097113483,0.0018645249984481117,0.0024802911336775178,0.003063712888695174,0.0036310495551587756,0.8605546951293945
0.007555753022419784,0.007382622110321867,0.007605297622656581,0.007724489467312592,0.007842135715364205,0.008020943042003747,0.008247373978096226,0.008625880094489667,0.0009468156530800893,0.0013251241089569199,0.0017215473759254623,0.0022608678474370075,0.0030081292695870706,0.003712091468249507,0.004448794315158318,0.8599664568901062
0.00739425864472032,0.007224568157685726,0.007386689429933375,0.007537719813059476,0.007621241202860168,0.0077665791718245355,0.007960050696074361,0.008296685377355376,0.000928813834934925,0.0012489358320681735,0.0015012717457732769,0.0018937780888694706,0.0024738750273129756,0.00304960696534677,0.003660963538419518,0.8627393841743469
0.007252267097445951,0.007072033369380617,0.00729056964016924,0.007420213329872298,0.007512161722688964,0.00765291768994797,0.007870897460064101,0.00822275444514021,0.0009078326468867084,0.0012294400395568372,0.0014729285255225017,0.0018479574923262452,0.002439266781915318,0.0030215636246934885,0.0036347577718371894,0.8651812076568604
0.007248007990921587,0.00707705607919982,0.007246970623631268,0.007370563498651139,0.0074320970059243915,0.0075742062996533585,0.00770731948642217,0.008024117842266455,0.0008736009455539963,0.0011670849238983308,0.001406780486732019,0.0017644240348427384,0.0022851145202262635,0.0027862881595638865,0.0033638693919085493,0.8652647733688354
0.007116368903718914,0.006933600422910568,0.007150898106170423,0.007234191282429679,0.007350178424156074,0.007461180941825764,0.007653406152018794,0.007956648113751652,0.0008671677705866319,0.0011540483890308275,0.0013844311927203778,0.0017220329104449211,0.0022427451718435546,0.0027842992258192314,0.003368206234391691,0.8675299286842346
0.007078691204439109,0.006916038285602223,0.007126476297073493,0.0072454840446562075,0.0073636022230190055,0.007492266821138786,0.0077107022958572465,0.008049794966323609,0.0009260070839464062,0.0012726638365775245,0.001521732565329131,0.0019319828762751235,0.0025550516366155862,0.003176822385402641,0.003807392641149386,0.8681957125663757
0.007267375069008732,0.007129374768597509,0.0073799822266254365,0.007552491966321412,0.007764104114036367,0.00793528991817224,0.008221458229753707,0.008583829464133741,0.0011234217953651842,0.0016254520865301493,0.0019004868864009677,0.0024232992344231717,0.003243312184457426,0.004017517989131337,0.004693566167394722,0.8649390339851379
0.007101769046701165,0.006959445157436409,0.007148725170679767,0.00725852380497287,0.007406585871771931,0.007546419296601806,0.00777595303576402,0.008103730547107028,0.0010506541113861482,0.0014036949661243644,0.00170453231568489,0.0021573662707701276,0.002795496418670773,0.0034170008242531656,0.004063432891962906,0.8678110837936401
0.006921255727759515,0.006775273156888557,0.006977958711309465,0.007129300237705411,0.007265345661929159,0.00742841846112049,0.007659524553753311,0.007987926408698663,0.0010037927515177615,0.0014029135143616383,0.0015975852017149782,0.0019765626250292717,0.002631920510871643,0.0032566923083681048,0.003848166831515052,0.8709259629249573
0.006818961067382334,0.006691501909233504,0.00689377400409493,0.007096403927514048,0.007270978782514129,0.007467626396453742,0.007694098092490173,0.008051221920584991,0.0010415504162861443,0.0014854421469097587,0.001661840865156466,0.0019598543769382064,0.0026945110222305916,0.003354066384561134,0.0038357388441410127,0.8727221488952637
0.00679677403767151,0.006653493572565843,0.00690414368203192,0.0070836142608613675,0.007265434787931667,0.007458642461283841,0.007791782775109866,0.008165118379223627,0.0011498957960192201,0.0016341234447578789,0.001790530938241217,0.002152694710326516,0.002994987292070983,0.0037079343039178687,0.0042718454442843045,0.8731027841567993
0.00664136098973729,0.006481168306235111,0.006654032613291885,0.006774524817563066,0.006899404676273616,0.007037426586504336,0.007259744852279574,0.007596051667876517,0.0009347701319791251,0.0012551220014741524,0.0014466265059681453,0.0018065675766981812,0.0023987673197932518,0.0028953627805517177,0.0034652444900888386,0.8757988214492798
0.006562475702389824,0.006384462338906748,0.006560950613383091,0.00663811090819362,0.006740950966122174,0.006875373678978044,0.007029740873611335,0.00736281477943414,0.0008419718467928344,0.0011662672026089146,0.0014127260632185823,0.0017804769291119142,0.00232186124280647,0.002880816063796631,0.0035230496791677445,0.8771888017654419
0.006432686912316064,0.0062745209896203245,0.0064509095768334485,0.006559074757877825,0.006701292654480597,0.006808226282147045,0.007020384865979153,0.007329790620290069,0.0008687652509521555,0.0012050011135662847,0.0013706279071894558,0.001724535709729901,0.0022862402879027808,0.0027934621179143988,0.003336988331793936,0.8794533610343933
0.006379879453856034,0.0062123214957689995,0.006435750600464817,0.006508188807603085,0.006637843941598629,0.006782187551561028,0.006952421482564624,0.007253979051153266,0.0008303328213416768,0.0011381666906654633,0.0013906592032825104,0.0017723503488081473,0.002328912541270256,0.0029015460198977177,0.0035269987151678966,0.880391538143158
0.006429003830999136,0.006250771097462587,0.006412914420418466,0.006527340863690232,0.0066078506635897085,0.006747234660366971,0.006936415804154945,0.007242067007705418,0.0008593740995333653,0.00116418573741961,0.0014432780231389934,0.0018441863583795951,0.002408548487155927,0.003010669624062901,0.0036900023845109074,0.879534125328064
0.00628450461459481,0.006120083147427851,0.006278367365650858,0.006399826168612599,0.006475798655238617,0.00660986959031134,0.006791106463482083,0.007084224325438541,0.0008254557477956267,0.0011273399854599426,0.0013697374875497337,0.001745393513529389,0.002249159474515353,0.0027914747997165126,0.003392213086287181,0.8820671439170837
0.006123385627939043,0.005960971137088557,0.006138661212792702,0.006223362603974262,0.006320491498367554,0.006465928743182609,0.006669614180571303,0.006958417378692113,0.0008180420375382058,0.0011222879737866447,0.0013455220407207406,0.0016996822084742362,0.0022183917788945466,0.002765990590507334,0.003346660073457744,0.8849208354949951
0.0059598024545695245,0.005806222116505658,0.005969075562576654,0.006061891423732745,0.006171517104211479,0.006268514426870378,0.006458853837416228,0.006728361150632402,0.0007547577579665666,0.0010259044435038309,0.0012269231926662352,0.0015452584044800865,0.00204897351588063,0.0025462131006549105,0.003085472944007578,0.8878073692321777
0.005947658516504247,0.005793264157041556,0.0059658905773451835,0.006037304046178105,0.006121465804600957,0.0062619951688480694,0.00640541743549835,0.006702699063201545,0.0007755392760991649,0.0010656722742901105,0.0012637900326538968,0.0015888780079506063,0.002107403354612665,0.0026208762694087495,0.0031790440782954797,0.8880107402801514
0.006021116955224613,0.005893435697964948,0.006079058921096301,0.006184734760310112,0.006321265857027035,0.006474259059236508,0.006670478096714726,0.006992989913983778,0.0009270130521821655,0.0013054852257874678,0.0014778916708347372,0.0018510388718409971,0.002539919389518423,0.003160300336602561,0.003797162003087676,0.8867109417915344
0.0058868731372058395,0.005735210813456513,0.005909186862534546,0.006032392372587314,0.006157229725359265,0.006325771687207399,0.006579005276715314,0.00692740511713606,0.0009253495470040575,0.0012879931038678293,0.0014510708023803402,0.0018010603558736217,0.0024732380704044895,0.003082651401609684,0.0037003821545979793,0.8891023397445679
0.005856117063989042,0.005711184090837485,0.005895111461480459,0.006018110552821496,0.006149753938218961,0.006303925275401234,0.006513988891434589,0.006796550760766874,0.0009165107909125912,0.0012815525705113958,0.0014630436069435543,0.0017894770423270234,0.0024063396584305297,0.0029586237990093553,0.003484672566355278,0.8896389603614807
0.005715518520975655,0.00556649298278571,0.0057410504380460544,0.005878171394971083,0.006004946420489738,0.0061779439549654825,0.00638947284683234,0.006744615272038713,0.0008632913087604423,0.0012003981153973025,0.00135847583588727,0.0017082728846908018,0.0023389885923276446,0.0028868897018408534,0.003433388750059436,0.8921418190002441
0.005683600396758278,0.0055430238696461175,0.005695698558280765,0.005774046094329269,0.00588953501046306,0.006010532394202068,0.006193311647935347,0.006454147022179883,0.0008151584126130499,0.001118081909061883,0.00128314189913899,0.001598339140264675,0.0021096966784409804,0.00263383800433541,0.0031405900263224385,0.8927210569381714
0.0055647297210439485,0.00541752200034331,0.00557237101925744,0.005629447534028127,0.005731314360493361,0.005838927290455661,0.005985402900361854,0.006267553728437584,0.0007517006624527652,0.0009874838050015849,0.0011721224633832572,0.0014720962931612123,0.0019270694454009284,0.0023884501922812927,0.0028878104606461443,0.8948308229446411
0.005625602294085704,0.005487721074711193,0.005650334406380702,0.005727290826213079,0.00582623077863796,0.0059353429661054,0.006097091247738411,0.006365351991019265,0.0007968396732351595,0.0010529793403816945,0.0012891766373757962,0.001638560832449884,0.002148327565052694,0.0026637450700958167,0.003203051181052269,0.8937450647354126
0.0055315912230824585,0.005403480455530211,0.005554917529977933,0.0056422714984376825,0.00574629117643793,0.005866317260345626,0.006046939789245425,0.006342501988515308,0.0007852622574377141,0.0010820650818572702,0.0013188667896420064,0.00165633332072083,0.002181810815426637,0.0027082301751531735,0.0032674695606584904,0.8954160213470459
0.00545302747281563,0.005317377266458389,0.005457929905616876,0.005527763128882706,0.005596793871937376,0.005691800529908652,0.005858751750152922,0.0061069039333147635,0.0007417390361327916,0.0009721428883396816,0.0011930247737402064,0.0014874313616190695,0.0019068495768689948,0.002348401511608551,0.002834502394351895,0.8968327641487122
0.005347715979222497,0.005208032249601602,0.005389538166498897,0.005449020115012673,0.005569409385875419,0.00568869411945343,0.005870222102110635,0.006154136274398778,0.0007392044483310847,0.001047126201266793,0.0011996478206079816,0.0014852101754660558,0.002016465478774273,0.002537617644276282,0.002997985085855028,0.8987131118774414
0.005240832031187084,0.0051326400578423385,0.005340698005173744,0.005484002020824638,0.0056594622054886735,0.0058463338448945116,0.006102982539721209,0.006415717760320464,0.0008977512179902105,0.0012994832080171165,0.001375224540380115,0.0016978801852123504,0.00235345690363786,0.0029350174873164206,0.0033218299775613276,0.9006345868110657
0.005214585463895842,0.005114184550765387,0.005271058040435868,0.0053877867281637605,0.005527693093425096,0.005663488549415512,0.005878264966235819,0.00614236347904109,0.0008108346318506231,0.001159957379905463,0.0012668178564169592,0.0015653947336906535,0.002175141509735223,0.0026685754922202943,0.003065350082285878,0.9011054635047913
0.005293717593744848,0.0051796201052087725,0.005334260613227934,0.005407715405679311,0.005542378207850537,0.005683247785174887,0.005914991291283758,0.006225011214262709,0.0008287334720594715,0.001146958918884547,0.0013697439095990023,0.001756149599397624,0.002347478898938256,0.002940239186589967,0.003586754870133769,0.899685263633728
0.005155998088971332,0.005033463485513873,0.0051490990702150645,0.005249525571511651,0.005323010151233737,0.00545964048366354,0.00561768671478888,0.005866281638041089,0.0007688144265802622,0.0010240672482334403,0.0011942356881318671,0.0014934723989831076,0.001941971783134271,0.0024178691133104188,0.002889407370929365,0.9021575450897217
0.0049925906944279915,0.004871347205406086,0.005005062890775276,0.005106086366706424,0.005182543427053124,0.005307269322149681,0.005485889064743864,0.005755502577582594,0.0006916109409797874,0.0009417654632869794,0.001090917629675833,0.0013891037553548813,0.0018570090534309747,0.002313024490469634,0.002803495333150581,0.9050954580307007
0.005002787459629152,0.004873545628404778,0.005004697521326919,0.005071567691335774,0.005179539297766958,0.005285853172592844,0.005428152488739001,0.005676937775579767,0.000720696356962827,0.0009759219419775587,0.0011365302822706274,0.0014274829126869387,0.001898801281596675,0.0023303472157881317,0.002762745057392602,0.9049182534217834
0.004967854547656144,0.0048636774397658985,0.004988887640161546,0.005072881983787524,0.0051626319134676895,0.0052655230618085126,0.005446675806133836,0.005696830248792565,0.0007289226721934598,0.0009887265016384399,0.0011620728913631904,0.00147263242013326,0.0019585996928941523,0.0024302697266994503,0.0029205655911153415,0.905547559261322
0.0048955711398135735,0.00479722143674539,0.004937849878662764,0.005003500822617951,0.005114502667979359,0.005235930931086492,0.005424090196387937,0.005665792118419301,0.0006972897873081342,0.0009718346625867516,0.0011840650391598743,0.0015074776705065961,0.0019897189003851277,0.0025014547963535744,0.003026473763013127,0.9068494439125061
0.005031102983538149,0.004951363224975188,0.0051468075826914626,0.005310849830357715,0.005511864041439211,0.0057183071419044775,0.005977751891621034,0.006304733179233692,0.00099190839061432,0.0014819262956930733,0.001531090105723853,0.001820357575360372,0.0026545842438434513,0.0032457413045244186,0.0035856963107080172,0.9044049978256226
0.005095814657632751,0.005021049629156838,0.005226406164040871,0.005412101268969,0.0056046353596629515,0.005837145844091871,0.0061448069132538355,0.006480378785518685,0.0011200279850349683,0.0016575763949039407,0.0017027539699667632,0.0019096502927617995,0.002747217392680621,0.003427632980876499,0.0038570512951624516,0.9032455682754517
0.005005299595971701,0.004902989464978177,0.005079120989600416,0.0051561348817565225,0.005286639321733404,0.0054294412936827146,0.005652159562817326,0.005917066782211214,0.000908139364963228,0.0012271923260757016,0.0014150089838288048,0.0017988803034478967,0.0024093298900007,0.0029079217275585793,0.0034354916199891253,0.9048790335655212
0.004873577472424567,0.004767599877484319,0.00486631439340235,0.004938864730524294,0.005017232639018936,0.005136304536853173,0.0052860834482141615,0.005550993010652587,0.0007704081082785571,0.001022403059458291,0.0012249007338175067,0.0015712597253748062,0.002033888025566785,0.0024642121335272035,0.0030245140395581925,0.9072670340538025
0.004873714817418193,0.004780851028583668,0.004902677202866936,0.004956442077553232,0.005046035474799699,0.005171670952830652,0.00531972816797218,0.0055990530284566915,0.0007744278332300058,0.0010591979919358937,0.0013075696649374785,0.0017063628794368269,0.0022470711708470225,0.002777366450539342,0.0033952624784776256,0.9072514772415161
0.004812846957433103,0.004725542112633034,0.004873906953968985,0.0049682426633256855,0.005102964302506109,0.005257712565487884,0.0054553932814485695,0.005740518090299484,0.0008311182335771696,0.0011856329329437277,0.0013503611075256006,0.0016707840040075257,0.0023070759883131644,0.0028465569245092795,0.003281272180152662,0.9083557724952698
0.00469179229045707,0.0045976721502915775,0.004726865104954652,0.0047961906175621434,0.0048936290572388005,0.005023817125996356,0.005160745283469608,0.005406243780546317,0.0007456645720735544,0.0010232421020767103,0.0011916928896398256,0.0014895337662010483,0.0019965614270581944,0.00243895170764891,0.0028360169443618567,0.910557210445404
0.004663477029011707,0.004553882559441557,0.004691839777560347,0.004761701044610855,0.004870259041838373,0.004998346508452387,0.005172812705389177,0.005415817006469174,0.0007186086490900829,0.000992781403615619,0.0011606049030918866,0.001486380083442537,0.0019950455111084563,0.002435848109348856,0.0028935913586054587,0.9110604524612427
0.004617396154776466,0.004520099800744843,0.004638235318640667,0.004702262580394745,0.00481919910420071,0.004924514684010836,0.005085083430864995,0.005329531852645103,0.0007262733103299783,0.0009836068301640375,0.001131843886516913,0.0014121079585367581,0.0018986541664961613,0.0023561161939644254,0.002764490995593745,0.911896824836731
0.004484086744612716,0.00439217962851428,0.004498080422581246,0.004562833037239936,0.004643595810691114,0.0047504772240866714,0.004894897432038278,0.005128066607998678,0.0006402131458524903,0.0008814105061619771,0.0010117874352217524,0.0012748667951485123,0.0016924662045156114,0.0021040567921267617,0.0025526234823645966,0.9143303036689758
0.0045265479433516465,0.004443075645852972,0.004555815463314955,0.004632828763438395,0.004735815693132002,0.004882907207666423,0.005064817219470888,0.0053295838260891465,0.000749096152081032,0.0010199143642227256,0.001163199473711778,0.001468585027689083,0.0019915439025420534,0.0024914067777921053,0.0029758782825285335,0.9135516881942749
0.0045464301384634245,0.0044501422054639165,0.004554141046924623,0.004597951233487338,0.004689862882649457,0.004784675795421857,0.004939966867066393,0.005171685603130546,0.0007380401376973499,0.0009745345416444319,0.00116709807718342,0.0014895659843177506,0.0019594374542384837,0.002394518221066857,0.00290533781101808,0.9131945967674255
0.0045177765808347295,0.004437105262319648,0.0045354602990126365,0.004593573187035744,0.0046689163002903615,0.004771077577714567,0.004917621557359342,0.005150483714209663,0.0007559792800282789,0.0010539907159327659,0.001216883829446754,0.0015331632962531914,0.002015439245335582,0.0024728324377175535,0.002974072542756495,0.9137231111526489
0.004423829340862003,0.0043334514304042265,0.004456275944858288,0.004515236199704886,0.004627642439371006,0.004748550998141067,0.0049296648790338625,0.005170758946576102,0.000706659961077902,0.0009679647131198986,0.0011008937313199444,0.001369900830867716,0.0018604934378605499,0.0023342633889580416,0.0027867225936366253,0.9154340624809265
0.0042751935323204855,0.004182008069372338,0.00428113132865742,0.0043371970103645964,0.00441542820195959,0.004523663330660123,0.004679748260412954,0.0049043277999768755,0.0006383305835703808,0.0008391504436229616,0.0009696584169812476,0.001237606851741521,0.0016219990334225825,0.002013287654378599,0.002473403546043518,0.9181486964225769
0.004207207128305227,0.004132748420290674,0.004265638044486543,0.004345787615085692,0.0044881023190639635,0.0046361214609860575,0.004856414651429212,0.005106888051687266,0.0007180657043350666,0.0010235807685940355,0.0011094413722805704,0.0013722515768475002,0.00191664260620822,0.0024033153624044928,0.002760665516309465,0.9193916916847229
0.0041141934852783725,0.004041063288847606,0.004168735986406153,0.004248871425988297,0.004364704764651931,0.004512194724697056,0.0046844654613071015,0.004924318525526258,0.0006733045665553523,0.000930377461568073,0.0010256559007898324,0.0012912873655356943,0.001797209010280744,0.002223401699804698,0.0025870836894921583,0.9210981726646423
0.004173755454156635,0.00409111163331202,0.004208277148329449,0.004278824543611771,0.004394610883410932,0.004538487076056927,0.004707678889084344,0.0049736555653188365,0.0006918833700795768,0.0009595293275735996,0.0011083603256479256,0.0014211204818603566,0.0019471422979225614,0.002401218229672724,0.0028882497187816734,0.9200060367584229
0.004005755302856868,0.003926403040336038,0.00401716407651853,0.004065258497441256,0.004157917969154589,0.004258268339063985,0.004398702503956528,0.004605499103113457,0.0006090590840061305,0.0008110490009840891,0.0009219385589463542,0.0011585439389151355,0.0015352394093166698,0.001911609227257947,0.002302399384303125,0.9230896234512329
0.0040231604116532935,0.003939639024361215,0.004032660418688649,0.004082098297197811,0.0041424624421179095,0.0042589545450628,0.0043825320774055895,0.004600776857398576,0.0005897514327658146,0.0007800175115365773,0.0009232171883286049,0.0011763866877917088,0.0015639936056000617,0.0019590263327063135,0.002403714162883935,0.9227741360664368
0.0039410903413312805,0.0038768631967430562,0.00395613006670467,0.004023228553108093,0.004085905122435856,0.004187840521837324,0.004338837144049731,0.004551581707265642,0.0005619437759898929,0.0007633720471301063,0.0008595537381742137,0.0010640092608001498,0.0014522885383178891,0.0018155108535229559,0.0021550445055419747,0.9242857694625854
0.003941718357229474,0.003890954748247609,0.003996307370237228,0.004086509387099783,0.004191028407025417,0.004325595774032452,0.004502511154922974,0.004729079422525284,0.0006075145695546661,0.0008588042662099556,0.0009487762576853386,0.0011702032722156457,0.001634522780826196,0.002080243542439207,0.0024018623185679566,0.9242748022079468
0.00398197535124391,0.003933887745595541,0.004050799850562606,0.004130242167899906,0.004245046370659613,0.004375451364200123,0.004573939557529058,0.004825280619289739,0.0006202882312564336,0.0008744127233120729,0.000986454507919273,0.0012376594009122462,0.0016951860402168249,0.0021406292739741327,0.0025521982536472454,0.923534095287323
0.003964709983636886,0.003922757503861931,0.004053094817532433,0.004171937335320193,0.004326673461632295,0.004497239048834201,0.0047474606621145,0.004999648468562649,0.000737839647465282,0.0011056440829076751,0.001092279357490716,0.0012744126358517893,0.0018929777585396461,0.0024186801253143785,0.002588809121036369,0.9238435626029968
0.0039362324185368384,0.003858309477467328,0.0039697641901897665,0.004007733716105772,0.004118416270222327,0.004230652067195687,0.004404454018531825,0.004644663531571527,0.0006798595026988373,0.0009310760877098298,0.0010413986169780143,0.001214481122565992,0.0015801149511377418,0.0020543073714782895,0.002515848132747191,0.9243716597557068
0.003893887370461065,0.0038500720678957224,0.003950310731777037,0.004005377421074042,0.0041233726472967,0.004240074808950778,0.004411408601184485,0.004649991439247774,0.0006424065914494221,0.0008959346648418542,0.0009722392893198765,0.001204744046585327,0.0016839208451385047,0.0020985837348482827,0.0024730637569218773,0.9251537322998047
0.003940728099809753,0.0038984927113610087,0.004006953547498594,0.0040859902923556695,0.004213436549962169,0.00436344262626436,0.004584095910542742,0.004860689714300111,0.0006639466429699953,0.0009384008682637102,0.0010807668984638722,0.0013792452750482946,0.0019095239652828736,0.0024093484625170125,0.0028654863487189066,0.9242856502532959
0.003904232879479726,0.003850416982113713,0.003926396751243257,0.003980904062488665,0.004056212589495912,0.004178784574422772,0.004339211707564717,0.004553875076248991,0.0006978477642993734,0.0009609719556489777,0.0010199295858592298,0.0012834341839106395,0.0017339242327494252,0.0020993890259603056,0.002535364069420882,0.9249608516693115
0.003940676544990504,0.0038852235559461894,0.003964429632180468,0.004012999643480737,0.004076387136171161,0.004183680644440731,0.004299578389234415,0.004495081302995232,0.0007156417407220862,0.0009461906472039142,0.0010379850726436686,0.0013067468913014891,0.0017425663719072887,0.0021078423543610557,0.0025221699566552133,0.9242960214614868
0.0038646312482241126,0.0038206739984578157,0.0039021023972467942,0.0039649509520643085,0.004042728383232046,0.004133536629002504,0.004252812389271829,0.004446855448311828,0.0006748773145053524,0.0009122385953863461,0.0010058666657819491,0.0012247583806916118,0.0016404299021569968,0.0020095946286061797,0.002362787131508593,0.925690233707428
0.0037632860480070816,0.0037212560975591743,0.0037979561772812096,0.003864256420520821,0.003941522975160618,0.004045321960441191,0.004173814462692248,0.004368774944082254,0.0005864028822041119,0.000803649897125835,0.0009207191453738646,0.0011270192335751724,0.0015164588512194277,0.0018701963101573264,0.00220765330725246,0.927564799785614
0.003874813242868743,0.003841687279819238,0.003945487057821518,0.004011921062814667,0.004097487810083511,0.004208475092946479,0.004359915787322754,0.004551311416758431,0.0006566672118675428,0.0009300695794951234,0.0010853901856676094,0.0013977360770557866,0.0018775108938265327,0.002296282559231877,0.0027306061476368697,0.9255039691925049
0.0038013959400707022,0.003755036987339206,0.003858418592098185,0.003930376485140637,0.00404916158328554,0.004194918154466032,0.004386163344888976,0.004632371689133371,0.0007300036780611433,0.001032905826213384,0.0010927201182854296,0.0013241304216360804,0.0018550424513592062,0.0022849067456092095,0.0026742558136130822,0.9268602132797241
0.0037318748287129082,0.0036865105557722677,0.0037999177872131166,0.0038918272614077687,0.004037784890394018,0.004203376517653064,0.004406841297442664,0.004659826218178778,0.0007029297234810362,0.0010044285977378437,0.0010656847351980128,0.0012692775025411889,0.0018526949201669758,0.002298343777405694,0.0026521760067253403,0.9281522035598755
0.0035472777258190842,0.0034960861258233836,0.0036044126508211847,0.003652826001748493,0.003747653276330293,0.0038656817893387894,0.004016291442944947,0.004231330644502383,0.0005706363203951004,0.0007862910458987409,0.0008960841317670514,0.0010829085314815695,0.001492479688139877,0.0019002481893658236,0.002275919346044762,0.9315682053565979
0.0035096590574956203,0.003454574315435557,0.0035289199038186056,0.0035666698884683026,0.0036476014263501473,0.003734392738001114,0.003861143801248435,0.0040678994272293064,0.0005109288949230905,0.000682932649572891,0.0007973985087991965,0.000993008035476561,0.001350392377386591,0.001706474497663453,0.002071975447513439,0.9322724938392639
0.003606323224746368,0.003579345646530691,0.003689522258561067,0.003767545511224856,0.0038850776851177215,0.0040347608803498625,0.004204142803595925,0.004448090107352645,0.0006331310823860795,0.0009189848371025689,0.0010143221616243272,0.0012806264765134164,0.0018330955683482615,0.0022664716210128483,0.002645069208961946,0.9304742813110352
0.003635646216100966,0.0035981241325135985,0.0036830838606614455,0.0037278826865884992,0.003795010175066765,0.0038937428533428846,0.004033453348610137,0.0042405038419797364,0.0006394374450850567,0.0008547295712762409,0.0009620539467744153,0.0011955725518290443,0.0015903593188383764,0.0019735493380513658,0.0023894321399204658,0.9299329519271851
0.0036376795242305357,0.003596758659339513,0.003672428853082336,0.0037227374034297187,0.003787925372822116,0.0038657872163085426,0.00399814131685379,0.004155791503211063,0.0006417827288736197,0.0008548835072954898,0.0009792676126515424,0.0012329321768548753,0.001628369725111759,0.001986815490656429,0.0023527055451966297,0.9298959374427795
0.0036585289821881636,0.0036269022308616124,0.0037315570645862156,0.003790206968884677,0.003895840460202509,0.004001864048366996,0.0041788234353466866,0.004390850141393616,0.0006472470198039856,0.0009035124145573639,0.0010828290642662481,0.0013959977136115836,0.0018780601007067394,0.0023521294923944504,0.0028154475169149713,0.9295090436935425
0.0036140831889779077,0.003561984414002711,0.0036468661995447847,0.0036921674354309184,0.003766925565221093,0.003866766962639812,0.004000862971299425,0.004183683278484377,0.000585472742440524,0.0007873520493407041,0.0009400316398051451,0.0012097299801380145,0.0016022458396576069,0.0019912162939908127,0.0024264602410773235,0.9303333759307861
0.003528349262094658,0.003493881486481689,0.0035692109729505146,0.003625209654621805,0.00369779529043721,0.0037852363453971015,0.003899862128074723,0.004070483195761639,0.0005816846835091459,0.0008015021832302364,0.0009004314753041925,0.0011125166590015094,0.0015183567574329248,0.0018646960281563127,0.0021969464165393754,0.9319279789924622
0.003481970074106798,0.0034536065477313417,0.0035326955294368244,0.003584930130126902,0.0036676213571720253,0.0037745591942910796,0.003920954250125371,0.004131096902519765,0.0006064147258848454,0.0008419884500479457,0.0009081101998285413,0.0011630557803593902,0.0015753346485923034,0.001933955777474124,0.0023361494168890043,0.9327942728996277
0.0035286635494405274,0.003503612358662416,0.0035679661414840004,0.0036036885823264265,0.0036736660508395044,0.003753314445717166,0.003887044297223942,0.004079304344525642,0.0006185609665432763,0.0008260236764546195,0.0009038067651718153,0.0011337637506199606,0.0015064234422011808,0.0018311223886932186,0.0022228211076673033,0.931939423084259
0.003478073424687891,0.003438842700487034,0.0035055195768473528,0.0035457793836441106,0.0035994876038145138,0.003671142519122422,0.0037957906923711503,0.003967003825336996,0.0005746650459364007,0.0007788523003107771,0.000865222499251165,0.0010880102494399155,0.0014377205560504387,0.0017774933227886656,0.0021213693437652555,0.9328656196594238
0.0035189472924391126,0.003491316374504205,0.0035619924490901357,0.0036406909200278194,0.0037238867345081032,0.003837346654347699,0.003984007028618244,0.004191608082264762,0.0006686822131828026,0.0008908266552821153,0.0010116594037674492,0.0012745327005783717,0.001714690994182821,0.0021295191462995227,0.0025308746142118465,0.9321230053901672
0.003455370785009981,0.0034376025776871127,0.0035424946735202263,0.0036266538355286273,0.0037743192429494374,0.003933068763728093,0.00415598544157314,0.004400382976138632,0.0007192779997181812,0.0010152143837024868,0.0010172838150752513,0.0012539601812659692,0.001822984888397082,0.002257052407621936,0.0025149428884589714,0.9332860112190247
0.0034663779990314835,0.0034451294527310713,0.0035496367473995647,0.0036301020645734036,0.0037423557329057445,0.003869513760913502,0.004057485883685475,0.004275120272981599,0.0007072277517631801,0.0010095002574952764,0.0010594948950640682,0.0013095794816310156,0.0018548478720465092,0.002284453804244096,0.002551733301043109,0.9330779910087585
0.003420061891371704,0.003371519382152493,0.003444970670071515,0.0034962583947864044,0.003572454509209302,0.0036721565381244376,0.003797213489860798,0.003978525736817607,0.0005924602794878009,0.0007891836278265975,0.0009158238962995083,0.0011569481035725838,0.0015468522417123871,0.001927482799598665,0.0022723900398822746,0.933941125869751
0.0034480831095077074,0.0034243344608380737,0.0035081711582061817,0.0035675758038104985,0.00366691890539545,0.003769501489320588,0.003918616727044686,0.004115836211928615,0.0006959193771836733,0.0009599729481871281,0.0010319162009641378,0.0012719724051378392,0.0017679876174388912,0.002113664817529094,0.002413267559475369,0.9334205389022827
0.0033746719669224537,0.00335236586354397,0.0034338527983085875,0.0035011165119983533,0.0035918441083696152,0.003714632977941622,0.003892532432520831,0.00411018347399002,0.0007054529444436834,0.0009655947674705525,0.0010197306171009436,0.0012174202806570313,0.00166555942860918,0.0020588545975360004,0.0024256039711863103,0.9347894787788391
0.003335079529106316,0.003329277344625004,0.003393113630688953,0.0034370544131356057,0.0035146075291465025,0.0036237678744576196,0.0037758002001227753,0.003987070193094035,0.0006857952253535541,0.0009861248165920929,0.0009459221616437539,0.001138792385783059,0.0016546563743942916,0.0019997257312841287,0.0023479653817134274,0.9355267286300659
0.0032227688501918258,0.003191061297851781,0.0032569254588599157,0.0032913602336689276,0.0033584648210191565,0.003439366935379176,0.0035883729681623505,0.0037830665782846587,0.0005428309875355425,0.0007322900862705828,0.0007990517418342407,0.0010323607209154252,0.001402201477174807,0.001710692549795414,0.0021123780984970857,0.9376249313354492
0.003159190387612441,0.0031324693926857777,0.003203700204389264,0.0032411631359797136,0.003312160024538586,0.0033908241049007133,0.0035135785939316155,0.0036740271706974465,0.0004940894796114779,0.0006786653458419874,0.0007736088827202215,0.0009675650904425467,0.001332430563465714,0.0016513234361855672,0.001957784274511466,0.9388145804405212
0.003127906651170266,0.003106284407453505,0.003162408605067417,0.003201350805534658,0.0032606992707509383,0.0033456705234668873,0.003462953657313228,0.0036282189090043205,0.00048734177725533846,0.0006573453987713414,0.000746530286892496,0.0009299089153758203,0.0012577068004192729,0.0015383977367721424,0.001882937132860675,0.9394009113311768
0.003145938584587289,0.0031234956826224473,0.0031914271514624456,0.003227600936937814,0.003287996100857603,0.0033703221466003445,0.0034644655507020277,0.003623405279535236,0.00046055311876465175,0.0006228478465492677,0.000726581605696919,0.0009021381160827599,0.001220875841123287,0.001539692182332177,0.0018387607778563644,0.9390655159950256
0.003116262040449062,0.0030900829769545534,0.0031504074431429004,0.0031837847196694575,0.0032331346462069937,0.003309335072935631,0.0033987999815330763,0.0035305826150207006,0.00043828207184168626,0.0006007871700306533,0.0006978992071717677,0.0008830774475127359,0.0011720534890689433,0.0014421172703456397,0.001747452978182722,0.9396188259124756
0.0031173354993113364,0.003088536146112564,0.003147599512479121,0.0031854177564884277,0.0032380620136806862,0.00333828518436814,0.0034515107997539467,0.003629675214037751,0.0005320990106925018,0.000715498142069839,0.000769587731622285,0.0009587402954095542,0.00130233907012225,0.0016092491947641277,0.001988919209751617,0.9396035671234131
0.0031396958447039527,0.003119299831715497,0.003179838796858033,0.003217605611792317,0.0032858454443589606,0.0033827148528412137,0.0035295708286842515,0.00372429853085717,0.0005891764589808004,0.0007915224691834112,0.000832972658001614,0.0010439364791468338,0.0014206698772682486,0.0017331324179064144,0.002112188158864124,0.9391829371452332
0.003124330890512326,0.0031013587809572314,0.003170230440318785,0.003217128252842611,0.003275423815555444,0.0033647882516938026,0.0034651200528498047,0.0036100532094436866,0.0005139601539180736,0.0006994264808668432,0.000793840943738467,0.0009726006449874403,0.0013117560533562093,0.0016389515639756264,0.0019389337085513555,0.9394722580909729
0.0030774757440079643,0.003055816597810097,0.0031089917176500316,0.003150345741297661,0.003221961667742392,0.003317379913847856,0.0034266568820685247,0.0035871096105888635,0.0005122489596933428,0.0006944273137534508,0.0007886134338900698,0.0009828867070903681,0.001335701288699301,0.0016667042918478198,0.0019511099189820915,0.9403494000434875
0.003128196369787609,0.003120145688353966,0.0031877648022640434,0.0032364811484861854,0.0033209941629006806,0.003429838914662499,0.0035634956676951963,0.0037454673336812542,0.0005514509684283926,0.0007671148368856723,0.0008787562286713307,0.0010828802550230364,0.0014684525352937205,0.0018519740953088209,0.002159168934982634,0.939399778842926
0.0031198760339369376,0.0031033536500802345,0.003167673285661723,0.0032360134000328656,0.003335233373874767,0.003462066528973756,0.0036358484314748334,0.0038452095957316134,0.0005914599716236896,0.0008215624958226576,0.0008475994145629382,0.0010286810842377169,0.0014560724348331542,0.0018075306896709834,0.00206095637496473,0.9395571947097778
0.0031156471039886628,0.0031163748717468595,0.0031965798651329195,0.0032831313157523118,0.0033909516377681834,0.0035478107706464904,0.003736813642360546,0.0039560237592117554,0.0006323466714007485,0.000926982847227392,0.0009356999211640471,0.0010800579945346722,0.0016090125265697437,0.0020040758380584847,0.0022678065656210836,0.939630925655365
0.00307575958570848,0.003070877316824916,0.0031293100203929926,0.0031824128595666855,0.0032594058223645696,0.0033572172275697343,0.0034881705637732742,0.0036647379799724026,0.0005682545594921216,0.0007822051920272686,0.0008038137095544474,0.000979799461184126,0.0013786030676128085,0.0016955315966397423,0.002008735577917661,0.9403794407844543
0.00300617822969602,0.0030063935652726425,0.0030561026424069195,0.0031210283538709183,0.0031885949173559645,0.003287749872966246,0.003406790119630319,0.003554515523039532,0.000530074379384919,0.0007221748337450654,0.0007529358495566179,0.0009403101736146593,0.0013090917106830713,0.0015827234106934834,0.0018407631690554346,0.9416839480400085
0.0030249946365001226,0.0030146962288854903,0.003083204758990092,0.0031470698188451004,0.003224628278201678,0.0033420835229684208,0.003492760816306779,0.003682364109489653,0.000580313688877857,0.0007982117001606961,0.0008484307858428169,0.0010579332188775242,0.0014734290289357055,0.0018333347156794385,0.002149603367855252,0.9413324594497681
0.0030064542748046543,0.0030043811709792524,0.0030743666670539163,0.00313958826440352,0.0032316609665199564,0.003354551161479468,0.0035226133184802252,0.0037225134194097936,0.0005788068026805968,0.0008217206463117391,0.0008668491353440766,0.0010946453859408698,0.0015506750417979879,0.001915723775272016,0.0021998584621683113,0.9416830539703369
0.0030603747247320034,0.0030555552053531812,0.0031093961085735347,0.003163848438547918,0.0032448211528034723,0.0033477466239873006,0.0034861214584373064,0.0036485535352920443,0.0005393090911886909,0.0007315337450967894,0.0008293427878156655,0.0010416433114796776,0.0013858761939436498,0.001708853892003647,0.0020331474039891754,0.9406748414039612
0.002913751073263159,0.002890849432058206,0.0029384727279345197,0.0029658235107808805,0.0030093928278495967,0.0030721511077198517,0.003161563049462508,0.00328347023187663,0.000454587254184063,0.0005936207368919745,0.0006646420323738345,0.0008194125668217839,0.00105660118551467,0.001296873513596628,0.001581999722253594,0.9434344172477722
0.0028791052754968405,0.0028632522005625446,0.0029160807630429766,0.002949040992693468,0.003005473857576197,0.0030905751116348038,0.0032009476287798446,0.003358403447802219,0.00040876688216170075,0.0005450877119545583,0.0006452307587972393,0.0008316446152148825,0.0011238878335715946,0.0013996832511742106,0.001720192652158063,0.9440811276435852
0.0029855945591284873,0.002975354908090649,0.003023798706053885,0.003068213606322253,0.0031292642582747268,0.003206317861774554,0.0033195143371118037,0.003471759199995786,0.0004774277430868109,0.0006387733619170959,0.0007313419327842266,0.0009040632514088643,0.0012197363080601099,0.001547430168448474,0.0018452643294527074,0.9420771598815918
0.0029922759500630074,0.0030065486903744516,0.0030716126991642847,0.003137765982837388,0.0032250086566815873,0.0033456242470829576,0.003501421642122847,0.00370017892684198,0.0005424976132509082,0.0007743332328067886,0.000846900218338878,0.0010184669133388635,0.001427354222094571,0.001836969355992998,0.0021616903368872824,0.9419484734535217
0.00299761127131781,0.0029932204771924904,0.0030549249113208114,0.0030951515843571234,0.003160432535490203,0.003256393083518603,0.003371733585090348,0.003529295962466937,0.0005345638527813985,0.0007521627527294737,0.0008462594025564515,0.0010256574059576298,0.0013909928726427482,0.0017547243434672404,0.0020721535966653215,0.9418556690216064
0.0029277298085215917,0.0029343448253191682,0.003000814776227932,0.0030564901955199963,0.003143653604719374,0.00324233367236375,0.003387539944163075,0.0035591505041427485,0.0005703756610803331,0.0008005091130281939,0.0008456385484347841,0.0010592013572402273,0.0014667330391278572,0.00178730992932713,0.0020738778453985047,0.9431624412536621
0.002839123084200452,0.002831797030839053,0.002888268332690101,0.0029374186137709956,0.003006592914712951,0.003082065163838743,0.0031952174374150107,0.0033517010008245205,0.0004881826461440184,0.0006895222660367336,0.0007553962106355513,0.0009293976337068811,0.0013079077444393627,0.0016291833598706055,0.0018894249918284239,0.9448325037956238
0.002842685151907932,0.002831713855266571,0.0028974374085163025,0.0029508120408563905,0.0030254991342523684,0.0031328678507395466,0.003279386159747538,0.003444690488103263,0.0005184354517696683,0.0007140582358395612,0.0007875225798349188,0.0009806177707432898,0.0013341749456996469,0.0016720866941241704,0.0019965941895439166,0.9447693824768066
0.002817073042162691,0.002812196675575141,0.0028695302454108743,0.0028965778197302962,0.0029510784204359406,0.003026115520534291,0.003120590415265825,0.003264228608271088,0.0005223746057160776,0.0006791637163069915,0.0007526463186148843,0.000927959341769066,0.0012139264795214238,0.0014779438851056275,0.0017792974695914523,0.9452509880065918
0.00286323135038242,0.0028642631490222534,0.002930827007349894,0.002970808782059737,0.00302754434872958,0.0031174683059104766,0.0032394434391248106,0.003410706892358735,0.0004957508433748175,0.0006757761969510152,0.0007532429351449414,0.0009380408547040991,0.0012947396459904584,0.0015993548914639637,0.00188943606359188,0.9443816542625427
0.00280423572628762,0.0027941847113447157,0.0028420675056751326,0.0028666192734683,0.002907912543526402,0.0029656754198299114,0.0030514109265121947,0.003159616418458797,0.0004193262971611537,0.0005674444276977469,0.0006655981579187141,0.0008335127090715399,0.0011016986674632287,0.0013684628562694446,0.0016531590748615939,0.9454998970031738
0.002829054338694472,0.002822778720145274,0.002886568596868804,0.0029384031666047647,0.0030296934298192613,0.003129648469915294,0.0032792562662752388,0.003440032939517538,0.0005206703631715341,0.0007295438260943801,0.0007890123472570972,0.00097687404402077,0.0013999611415244915,0.0016975838214359701,0.001928444367265862,0.9450240731239319
0.0027750970025920006,0.0027867759719039454,0.002870479042983617,0.002935560910589366,0.003018982863988138,0.003123540112667212,0.0032503988305326264,0.0034155342941131657,0.0005358976628694068,0.0007557886781214864,0.000775194202584249,0.0009385099302136939,0.001352974076313202,0.001677454857513158,0.0018666804790095448,0.9460414052009583
0.0028533938928798895,0.002858445216409285,0.002930180868917844,0.003004416923731666,0.0031039919240105434,0.0032122123547475346,0.0033419078021539182,0.0035085298497267445,0.0005951189846803845,0.0008624024212561071,0.000888739019531995,0.0010813679897323603,0.0015622666463105366,0.0019261077974581156,0.002170859204498606,0.9445713758468628
0.0029032192909494293,0.0029053774094742156,0.0029671697780138716,0.0030211822477856066,0.0031020311143261817,0.003201112813419766,0.003330811281196196,0.0035034029873131905,0.0006016981505760641,0.0008352850980881088,0.000864718338907367,0.0010811195592787932,0.0015003864035662577,0.0017971144393337294,0.0021074225505193075,0.943632960319519
0.002896890378955388,0.0028915278738998003,0.0029340148172795973,0.0029651835886918333,0.003023390502038628,0.0030956057913174933,0.003200363528347176,0.003355093852237419,0.000538917505166647,0.0007156888531012969,0.0008065049301343735,0.0009798580310260406,0.0013001978792475933,0.0016269256470580694,0.001962403620684187,0.943748950958252
0.0027742200369573504,0.0027631129078592113,0.0028090047013478647,0.0028346638662445824,0.0028889920399445875,0.0029544988339798217,0.0030399473026545363,0.003161146012620894,0.00045728814264489744,0.0005910947097321151,0.0006883188241760338,0.0008416280702308372,0.001106201552531936,0.0013713119745956928,0.0016367316597238534,0.9460592269897461
0.0026700935172864083,0.0026725510154107603,0.0027274454834083917,0.0027611504876453065,0.0028092958911099418,0.002874099483293315,0.002954013259322555,0.003079427021119731,0.0003915478986521763,0.0005232130801336532,0.0006048834158314599,0.0007661577596357374,0.001030746528797278,0.001274327682927,0.0015400886084094192,0.9480264782905579
0.002612150545460909,0.002615855769677596,0.002666536768779209,0.0026866988576823214,0.0027303414688969302,0.002784930756597808,0.0028758567641881177,0.002992066274387668,0.0003760649126512234,0.0005148208797329202,0.0005995087447867851,0.0007441941140727563,0.000998731091091729,0.001258830514796053,0.00150454824395252,0.949124276638031
0.002604830331836987,0.0026021502385235795,0.002652958883380248,0.002695180796814286,0.002754794803733376,0.0028443350359446274,0.0029577188419573235,0.0031261696934900703,0.00041506668232908154,0.0005698136762662568,0.0006062211377878583,0.0007821607707626491,0.0011018454426466816,0.0013415795534548133,0.0016083857452227211,0.9492626190185547
0.002639532119650331,0.0026447707379506492,0.0027012896808710964,0.0027506044165855306,0.002818885084354516,0.0029258178741442234,0.0030673480294770264,0.0032585880922950078,0.0004966095911483171,0.0007062531104593566,0.0007042418475504275,0.0008962954247138316,0.001287277213451437,0.0015756375786631998,0.0019145804447959168,0.9486047029495239
0.0027028801849406678,0.0027345809646527777,0.002802578550496888,0.0028443663534692644,0.002895460684191097,0.0029795735472380514,0.0030800704176377766,0.003235112366451559,0.000523076739212379,0.0007215634543411057,0.0007467076458312847,0.0008951470889276527,0.0012525123001549782,0.0015793762423775414,0.0018434314214019261,0.9474074840545654
0.0027457689162444085,0.002749102743286075,0.0027962337665084235,0.0028349757144346785,0.0028941030654843006,0.0029672568770570786,0.0030661128963083532,0.0031979579992767937,0.0004764275562632766,0.0006422994940569907,0.0007285069887485568,0.0009147690941488703,0.001215941171704318,0.0015044590878466565,0.001813941235694821,0.9466010928153992
0.002704398520134063,0.0027008544039043916,0.0027435760681677347,0.002777766662113594,0.002829313892808426,0.002888077515042591,0.0029757210175798397,0.0030966256052155287,0.00046561208494032676,0.0006279687331330896,0.0006970923895687366,0.0008623082648573901,0.0011556921620862652,0.0014022326454369708,0.0016388954312512368,0.9473855495452881
0.002663422639792164,0.0026595471884666468,0.00270282387833804,0.002735350032647451,0.002785824590459817,0.00284785855599124,0.0029412764917921136,0.0030774780044250617,0.0005005712937626373,0.000686422440690625,0.0007156676289810476,0.0008646263932238524,0.0011702094829142695,0.0014507396905510514,0.001685882820073603,0.9481552243232727
0.0026297800576859953,0.002630388478337715,0.0026786163248598374,0.0027120427225374613,0.00275158478254421,0.0028112719682129948,0.0029142220714678266,0.0030488613905128004,0.0004701198727795572,0.000644444224898161,0.0006841538549222127,0.0008273782660112236,0.001119643520024489,0.0013764081917928927,0.001651575532977027,0.9487972855567932
0.002649880802378008,0.0026464615982991677,0.0026899722639960474,0.0027193373777850307,0.0027743114415643994,0.002830988612740931,0.0029245174743912435,0.0030429875810539684,0.0004608356544390471,0.0006092182567550077,0.0006807159977378669,0.0008564356532612633,0.0011411409674569814,0.0013993618972223214,0.0016734109156661564,0.9484149813652039
0.002633218826594377,0.0026358403917715605,0.0026895809956271237,0.0027278126389892014,0.0027812895173777636,0.0028563446393518738,0.00294876718761945,0.003075154767895387,0.00046424710188650524,0.0006310496585888894,0.0006667310255971621,0.0008292493620504836,0.0011450048454532318,0.0013676303648938635,0.0015933946903907892,0.9487285614013672
0.0026232222648594618,0.00262674922343055,0.0026908290456441114,0.0027436171090763424,0.002823521535504948,0.002928518471292374,0.0030686821976695397,0.0032463948107528365,0.00046635050144711325,0.0006586259974147936,0.0007078030946278813,0.0008536467667330395,0.0012364204132597053,0.0015435708417033506,0.0017926676995324768,0.9489158987998962
0.0026724215512248604,0.0026775807694152548,0.0027282562119390827,0.0027691822210546293,0.0028244735340678733,0.0029003710934409387,0.003009654890106182,0.0031423696464159675,0.00047869456819061077,0.0006417058630899749,0.000697732373118802,0.0008874977584489267,0.001227415610819754,0.0014782565586293989,0.0017572979571341665,0.9479852318763733
0.0025667517566708505,0.0025699884439457947,0.0026224863775049395,0.002670663595199585,0.002734960138998449,0.0028200328851789736,0.00292325114661997,0.003048830963545777,0.00047476640134196894,0.0006492652384695982,0.0007012091423400525,0.0008641110491697435,0.0011833693242634987,0.0014423578513491435,0.001683703379749449,0.9499862790107727
0.002475526747497595,0.002480244785798118,0.002532927566505843,0.0025692872364412654,0.0026292531678973625,0.00270347190073845,0.0028008651477519912,0.0029353765551289324,0.000396690616754169,0.0005344938358248083,0.0005735454002163226,0.0007201410986809217,0.0009929008035597577,0.0012076758067766423,0.0014200560522801948,0.951718270778656
0.0025657995956752336,0.002569016666223706,0.002610397682547168,0.0026480907266990907,0.002689438246767529,0.0027567620730962017,0.002850148744053311,0.002965797606843088,0.0004000689244832254,0.0005391605511959955,0.0005984966213554646,0.0007480814921283962,0.0010370706048126173,0.0012696100900620724,0.0014908731648516575,0.9500045776367188
0.0025095537370729325,0.002520749712933595,0.0025679441112460514,0.0026124354012887485,0.002671501354035304,0.002743262052536011,0.002838401947960709,0.0029628674264508066,0.0004110561818611943,0.0005615206184461462,0.0005932426211809871,0.0007503023320928166,0.0010376881024100966,0.0012652477393748382,0.001504519134007319,0.9510714411735535
0.0025282226308477847,0.002534580815219719,0.002583385514791566,0.0026289763123499422,0.002686628350605467,0.0027713207383749864,0.0029026009844810474,0.0030579686516061778,0.0004419163358632964,0.0006165297212775307,0.0006560041710282817,0.0008203574321436561,0.001154258136044849,0.0014349781127289088,0.0016856186480734886,0.9507206678390503
0.002486290293824091,0.0024855924801593676,0.0025362739947809515,0.002573368096291417,0.002632556943480013,0.0027084984537527616,0.0028148993448376255,0.002949226650124046,0.00039802482571164367,0.0005603554486124603,0.0006257433149499524,0.000772220235606436,0.0010665050522747264,0.00135364822968088,0.001601083735976155,0.9515138268470764
0.0025053566351520393,0.002515860832600481,0.002561863544412735,0.002596079934426028,0.0026493617631369567,0.0027162369127426084,0.0028039709235281253,0.0029280671517455618,0.0004039366892617359,0.0005483788729767606,0.0006196931920167975,0.000779532698870508,0.0010701581384196426,0.0013306797046201799,0.0015999920114322945,0.9511510133743286
0.0025675089446583177,0.0025840445437314936,0.0026244642281973802,0.0026565967359727482,0.002704260683922655,0.002765880434802084,0.002858274455122675,0.0029905383609962785,0.00046484042899777193,0.0006202645637471266,0.000673352614020057,0.0008479954643482311,0.001154051388704817,0.0014135626229372891,0.0017021232319098932,0.9499741196632385
0.0025377769082759565,0.0025328715391431996,0.0025805000604603827,0.002610150905269565,0.0026507721756042456,0.0027042513092358908,0.0027777330843286483,0.002882676373427163,0.00044460346552257986,0.0005742163576110445,0.0006372565547825913,0.0008121628339342798,0.0010697028602815236,0.0012985298742449244,0.0015996214704782474,0.9505377411842346
0.0026203543463602713,0.002633273380774039,0.0026743494149811743,0.002700901340053539,0.002738844879247524,0.002795200988098427,0.002894416935616471,0.003031399479819468,0.0005500648917021976,0.0007601816784151476,0.0007359044087003377,0.0008989264956528089,0.0012171600967244268,0.0014505487035721641,0.0017743944218664457,0.948988676071167
0.0025343456293020383,0.0025228389360085882,0.0025593783468108385,0.0025812780666431595,0.0026215426498390607,0.0026800357081271983,0.0027615398996406132,0.002890781631774774,0.0004502842271769488,0.0006024621157383277,0.0006530070269750024,0.0007690674521856838,0.0010155920265399246,0.001261093291871074,0.0015446496192955408,0.9506118893623352
0.0024771736839140205,0.0024788368719093727,0.0025157850862853855,0.002543743512897379,0.0025875371413600166,0.0026382876240243817,0.002720842831564271,0.002838586606963315,0.0004546027316990926,0.0006155791143676649,0.0006385805530580206,0.0007686240996801693,0.001043786567569983,0.0012694089670323763,0.0015438306926175802,0.951686441898346
0.0024229635968992507,0.0024318348603818555,0.002469171769289858,0.002502177083733106,0.0025542195924002716,0.0026145162531221755,0.0027019428183334042,0.002825222869312723,0.00040455699086139096,0.0005426655896635168,0.0005826474252072247,0.0007045888652404149,0.0009604276850919933,0.0012017716161329738,0.0014346475866607543,0.9527187347412109
0.0024634952978340764,0.0024859770505315927,0.002534271779184791,0.002579101062182224,0.002634611301851594,0.0027103361231510087,0.002815823758692051,0.002962186789572841,0.0004685404406302304,0.0006343160025298796,0.0006632502237805212,0.000786358239097828,0.0010838720483410638,0.001371637128469117,0.0016259996038595034,0.9519495368003845
0.00239432990576081,0.0024062467644913026,0.0024450199647182568,0.0024780062237371903,0.0025247794836257844,0.002589568558465752,0.0026834051667239127,0.0028089444645326145,0.00041726345967764807,0.000579179011862286,0.0005969548387835524,0.000737862735484987,0.0010276335489117737,0.0012636458206457723,0.0014842451572016835,0.9532648921012878
0.0024640210981007275,0.002455313526319735,0.002498461489223872,0.002542469715730911,0.0025952258972005812,0.0026753960685296494,0.00279058126437945,0.002933111350343685,0.0004711081157830428,0.0006457532213542999,0.0006514275816554574,0.0008234313479075929,0.0011566646403385332,0.0014056841080838983,0.001668703086950161,0.9519383907318115
0.0024252921344417614,0.002424710565042817,0.002470172803711008,0.0025116417268510618,0.0025672791030270483,0.0026305288678467875,0.0027244080322158058,0.002851619355706655,0.0004186928200124691,0.0005734892066580679,0.0006415647727371466,0.0007639486392840793,0.0010321426026598372,0.001294133065876736,0.001528163768526681,0.9526762366294861
0.0024431568463818996,0.0024628508522454334,0.0025138559716719167,0.0025489259573947703,0.0026026050901974893,0.0026782002162050317,0.002777136817122951,0.0029087490681245273,0.0004239296393236929,0.000581833520145328,0.0006202807806758367,0.0007517730754483428,0.0010517879950528595,0.0012944861381041883,0.001515627091731688,0.9523351192474365
0.0024303621709697975,0.0024441692915428367,0.0024861351357967363,0.002510799176564522,0.0025609651473836865,0.002634571934187854,0.0027397631670690145,0.0028799201327341572,0.00042595816776156423,0.0005796365640580855,0.0006196169590307807,0.0007637284275909466,0.0010352098618191903,0.0012904015868300139,0.0015589691623292788,0.9525877237319946
0.0024573372184653274,0.0024704386916024113,0.002523957483896904,0.00258621094303099,0.002663671137507917,0.0027713918374845073,0.002915521954446529,0.003090186168750127,0.0005045680787025478,0.0007118642869521471,0.0007288157601248134,0.0008961927108090334,0.0013008454331645259,0.0015886602302392324,0.00180601335384629,0.952066957950592
0.0024259417015206233,0.0024317646969849813,0.002472013124713191,0.002510618375808703,0.0025609698108952457,0.0026310598559251136,0.0027224621161667985,0.0028406723004198234,0.00044183951366680237,0.0005948793807816425,0.0006330080531060896,0.000772407233263507,0.001049879913277899,0.0012900818904441615,0.0014873804944733578,0.9526655673980713
0.0024373388872717065,0.002447800118764643,0.0024889234904990052,0.0025307416163309654,0.0025796041118376183,0.002648975464330378,0.002729928819619445,0.0028434659169378506,0.00045934380643596556,0.0006117316151056627,0.0006580593512841949,0.0008254637189134202,0.0011223872276869688,0.0013590132905427455,0.0015744565587854547,0.9524572491645813
0.0024367188493899924,0.002462594908495945,0.0025185346703738075,0.002569390891075937,0.002627290000116785,0.002713815529238094,0.002828525749320534,0.0029646247173800615,0.00047280933168600704,0.0006682450397046729,0.00071266591611635,0.0008460229488484787,0.00118458917245319,0.001487372706484313,0.0017191003431073744,0.9524656534194946
0.002568898684273063,0.002569092371146687,0.0026109210344075354,0.0026681298709879016,0.002736273079307794,0.002836314832120632,0.0029726620475049774,0.0031413119399186337,0.0005311590810666983,0.000743509418258964,0.0008249402986933486,0.0010017738197789048,0.0013951130349327016,0.0017547398078120518,0.0020445590945405994,0.9499549269676208
0.0025247569741549515,0.0025484772643657645,0.0026108339529246193,0.002680287256786719,0.0027799090075773824,0.002901746583506716,0.00305742130737112,0.003242932440656604,0.0005561905185557175,0.0007905691554801231,0.0008540268046687348,0.001062210964710022,0.001498005147835221,0.0018583195478426486,0.002148495531744427,0.9507921934127808
0.0026644487051537846,0.002689024201446912,0.002747986623735139,0.002807775024412457,0.002906751309079353,0.0030162680455129154,0.003171313531471021,0.0033331585000661084,0.0006561048874499822,0.0009126447435932528,0.0009376975397268931,0.0011273052618660108,0.0015754442360967097,0.001958076162922262,0.0022737170384588465,0.9481431245803833
0.0024959715646111504,0.002495645485843472,0.002537165153207201,0.00257446549657218,0.002632405942537969,0.002698005216591286,0.002795359427078003,0.0029110695828091014,0.000512786564865598,0.0006737444198593146,0.0007457886317663321,0.0009284555410295223,0.0012241779992777089,0.0014916203389264116,0.0017430673720258655,0.9513360261917114
0.002391058314742163,0.0023955897174098273,0.0024305491360149,0.0024667612079418066,0.002517241447762608,0.0025808621687118454,0.002667049950722492,0.0027844979280373864,0.0004335823045535521,0.0005914727451674866,0.0006275355201277267,0.000782138748276314,0.0010772172599930554,0.0013287414944031424,0.001540011842343141,0.9533264636993408
0.0023379888802591195,0.002337105195931714,0.0023691754725445,0.002401264322927905,0.002448392855097549,0.0025045864635244363,0.0025852692297813466,0.0026894717329881005,0.0004152068811835665,0.0005338501269844445,0.0005757901554155831,0.0007297507308498777,0.0009882599874227135,0.0011978889442353137,0.0014298267988644866,0.9543375372886658
0.0025305740870786237,0.0025635873027120776,0.0026095678948292425,0.0026461467824198982,0.002703209492293271,0.0027685371889209103,0.0028482362853758264,0.0029614434649647284,0.0004528254781683487,0.0006012232757803767,0.0006966925426840982,0.0008803641273066251,0.0011685983149290887,0.0014358882820515921,0.0017162743692446236,0.9506782293319702
0.0023999259780515423,0.0023992567702575966,0.002434802687529362,0.002462391171491507,0.0025063844040186718,0.0025576240762516305,0.0026377008519188725,0.002736928923563524,0.00040658920100241,0.000528680747029958,0.0005971745522034288,0.0007237627726010601,0.0009589082683728199,0.0011719624508761798,0.0013869821347973564,0.9531631469726562
0.002298866599321566,0.002308519955987882,0.0023466856893064195,0.002384932383092164,0.0024317732287777796,0.002505234896083071,0.0026041081883891263,0.0027253929450355395,0.0003998570470296173,0.0005361032462130091,0.0005706051950929342,0.000717343746210991,0.0009726605111551205,0.0011917156797617372,0.0014346752177785945,0.9550850987434387
0.0022731326014016713,0.002285369079221379,0.0023214469315728757,0.002354044176211662,0.002401347694172201,0.0024600865589047122,0.002541971886499161,0.0026524929310938325,0.0003735819229423398,0.0005145070776468776,0.0005693117009243781,0.0007231422308017108,0.000982722426805432,0.001214965594687847,0.001437930113037026,0.9555737972259521
0.002278934278829581,0.0023028748128751312,0.0023454356976229736,0.002378928742876358,0.002422696434789234,0.002482697844304621,0.0025669457986700014,0.002681566288174202,0.00038454043318326227,0.0005301519588689611,0.0005790320610759234,0.0007370474036494489,0.0010057732431525332,0.0012262921178280706,0.0014684242143073066,0.9554623365402222
0.002207955340180634,0.002218310070860667,0.0022527164055241478,0.0022762839842324304,0.002317562172509203,0.0023658178821958677,0.0024278573340639122,0.0025183950886381195,0.0003207348431350808,0.0004316304299215275,0.00048539542251263405,0.0006048906243309027,0.0007960437474026021,0.0009918651383633566,0.0011965939380002744,0.9568183422088623
0.002240334978948037,0.002274065874893256,0.0023306002520551584,0.002374579640801507,0.002431996307188413,0.002498266770683154,0.0025870805687775917,0.0027039904761996733,0.0003692604237634325,0.0005236076705333359,0.0005556706213690215,0.0006786178590522872,0.0009753618539884837,0.0012320163700516376,0.0014231178733937267,0.9561998844146729
0.0022137224007874527,0.0022254716278828353,0.0022733508073019258,0.0023089691331791957,0.0023580507547767073,0.0024265346201983364,0.002518077059225603,0.002636059062549161,0.00039715472583718575,0.0005485359629496982,0.0005781272884069469,0.0007171367781130152,0.0010089716275131662,0.0012397699860812036,0.0014480479086689676,0.9567062854766846
0.002208643132877169,0.002222281930221853,0.0022674809451456424,0.002294775522517837,0.002346720767241937,0.002414241320256031,0.0025020750760028658,0.002630679050980995,0.0003910014600264103,0.0005460521711118093,0.0005856785760182724,0.000669128562540117,0.0009278646290854171,0.001188672488235464,0.0013949035055408575,0.9568060040473938
0.002159463331849637,0.0021747816266234877,0.0022094906705999212,0.00224052493143764,0.0022825397475801333,0.0023300361502852905,0.0024070935994888396,0.00250834288696448,0.00033047205222902276,0.00043560736640184015,0.0004791805473617231,0.0005804108440098337,0.0007931583557867442,0.000979261657204291,0.0011734178321128742,0.9577479958534241
0.0021714977931030573,0.002188747785107455,0.0022239945590596406,0.002262565301674785,0.0023166564101924,0.0023818837234167137,0.0024699463286383784,0.0025925868927730053,0.00033725978750171083,0.00046056077003428834,0.0005129305391826413,0.0006516580736446461,0.0009089133065657985,0.0011218900801708,0.0013466898916345653,0.9575151205062866
0.002113894994687352,0.002121925426753683,0.002141741689557981,0.002159136862365485,0.002183941604964661,0.002217521770584463,0.002272165215476996,0.002347594795604346,0.0002802832246529133,0.00036733616394326343,0.0004144650698962436,0.0005189749440460494,0.0006833543179412483,0.000837736874066218,0.0010209915745589468,0.9586181044578552
0.0020984247700007075,0.002111547730035252,0.002141010767532519,0.002160608481226947,0.0021898888954610535,0.002233223886752771,0.0022903110957406586,0.002370968953979136,0.0002844266792577425,0.000380603806664446,0.0004336164624552534,0.0005485923217628339,0.0007344597806332488,0.0009069269328607052,0.0011033098454828615,0.9589136838912964
0.002192863706273563,0.0022104079349073097,0.0022471368237577303,0.002281578141029435,0.0023282249015991133,0.002380894209800746,0.0024478284096477007,0.002541832239539535,0.00035013426691042854,0.000488855329778058,0.0005282495032857966,0.0006684270659179398,0.0009274813368515133,0.0011366838796271219,0.001344296486690791,0.9571088552474976
0.002310630851284121,0.002328897832017956,0.002363546551377685,0.002391485652889467,0.002450956693953938,0.0025142909250275456,0.002591969022646496,0.002705699594233574,0.0004222196206977271,0.0005624201434103126,0.0006084148931984949,0.0007624137782889985,0.0010343255945528397,0.001263503730924242,0.0015186068410624558,0.9548647403717041
0.0023219433274458755,0.002345414878643723,0.0023871111498537287,0.0024279627923913276,0.0024859141119401465,0.0025532692570477624,0.0026441341472996606,0.002749994560223236,0.00040836037585028896,0.0005437349163698227,0.0006093729497482279,0.0007795212156945207,0.0010428918544391189,0.0012637529158431673,0.0015017023730257947,0.954647958278656
0.002309096335536904,0.0023180983621965755,0.002350971436360067,0.002387330727494927,0.0024370730801262838,0.002505691664337309,0.0026053543255887047,0.00271850884562791,0.0004555335641534441,0.0006057939815149965,0.0006293550252864257,0.0007547903555109846,0.0010407744608944916,0.0012906551210567206,0.0014689049761905414,0.9548918008804321
0.0021846189582250034,0.002187903049818996,0.0022230535620190077,0.0022629427563662483,0.0023031470450488004,0.002359558634384714,0.002436907835279651,0.002542585987434644,0.00040837694492554824,0.0005457945776356992,0.0005520401792193101,0.000656192023495231,0.0008918934423313398,0.0010895340518417584,0.0012810561103551877,0.9572744965553284
0.002196389857071267,0.002215071436431673,0.002258480307630417,0.00231548332129464,0.00239578722427389,0.002522513621583932,0.00269523491512244,0.002905613959136635,0.0005113471177114983,0.0007280798660283939,0.0006455974578104838,0.0007903329532606032,0.0012249572095947233,0.0014788492548244972,0.0016702827329587455,0.9570436477661133
0.002201611075788636,0.0022145614592414915,0.0022518077194188984,0.0022862625769292464,0.002325761083651472,0.00238907481057676,0.0024783277827681916,0.0025977326324993512,0.00041312782739850404,0.0005496127167183543,0.0005564670878076794,0.0006788458236138829,0.0009409416981217034,0.0011036483727721654,0.0013020201551693458,0.9569419622421265
0.0022127820487739362,0.002229407428440823,0.0022640572842022384,0.002296013140467682,0.0023359850036475797,0.002393337073249849,0.002478481307374909,0.0025808131102761033,0.0003950994395923735,0.0005406422678519179,0.0005873957137743431,0.0007258984272804123,0.0009868497725086982,0.0012213757399607587,0.0014519286947168083,0.956727921962738
0.0021470278691224478,0.0021643256473822224,0.0021977464395641078,0.002223713216857878,0.00226398361251009,0.0023145153867676605,0.0023991512780639056,0.002507448452289658,0.0003390890715474432,0.00045409591097121286,0.0005101671247971981,0.0006244506925244123,0.0008346729212587932,0.0010416806327423664,0.001264116367456889,0.9579834938049316
0.002108944754307519,0.0021325270761343765,0.0021700578080082584,0.002195924405096356,0.0022387063337696925,0.0022830810485664843,0.0023459668562869833,0.0024394509818417456,0.0003330232970642321,0.000433832483510377,0.00048085612743490875,0.0005917264258344767,0.0007993474464725565,0.0009856510305344456,0.0011600919074131182,0.9587146043777466
0.0021136291826814916,0.002143875986136973,0.0021810452231152693,0.0022172181167787173,0.0022561666765799023,0.0023057469464713076,0.0023757532088443485,0.0024606970298771905,0.0003212563728016836,0.0004353350018988354,0.00047494153764964355,0.0006047782710806689,0.0008377899186880099,0.0010276199766883144,0.0011967453603893017,0.9586231708526611
0.002135274412191978,0.002147483835718046,0.0021816536746542864,0.0022155212106728796,0.0022628954050416495,0.002324786103684894,0.002409070764075626,0.0025174429721703836,0.0003530964090705219,0.0004935951825068254,0.0005209006619975222,0.0006155231403130474,0.0008495393381626518,0.0010850689358231596,0.0012765522055352978,0.9582107663154602
0.002186720525243818,0.0022138465659987646,0.0022627906905179876,0.0023149528512448974,0.0023790378587615207,0.0024652042347774765,0.0025744398585473647,0.002696565347990203,0.0003900916237221021,0.0005564498567721659,0.0006155463098626747,0.0007576229220086878,0.001081193303093565,0.0013692310951675228,0.0015749963922332031,0.9572271108627319
0.002231942356629956,0.0022478551349856637,0.00229353454929811,0.0023320884628829732,0.0023935844852065397,0.0024658902890052057,0.002559116820143128,0.002677283804826062,0.00037774116691415157,0.0005119589138587918,0.0005902797325517393,0.0007581551480875272,0.0010251655233929856,0.001269194523894827,0.0015118653494049404,0.9563632607460022
0.0022019024838000434,0.0022289269450136307,0.002260957386106353,0.0022884446475341263,0.0023323265214761097,0.0023848941104379967,0.002453898501767454,0.0025489861590894383,0.0003863891097481805,0.00052673134839896,0.0005685478900418137,0.0006962635839727993,0.0009335964629646102,0.001155951827363133,0.0013482437867307503,0.9569374322891235
0.0021546132428264275,0.002166916131471544,0.0021948905203880284,0.0022161814713417883,0.0022525335903520937,0.002296200505009404,0.0023717048367867966,0.002459910115609667,0.0003256784504285766,0.0004346457115603416,0.00048182545612356076,0.0005985067956626215,0.0007936484208612731,0.00098366234576963,0.0011678838293359738,0.9578396081924438
0.0021034264313025707,0.0021309957083828924,0.002172761024148376,0.0022092155158921125,0.0022594424723475066,0.002327856124200002,0.0024215735645607265,0.0025374299874811462,0.00035778920210095166,0.0005160316022156866,0.0005165608872593654,0.0006123270080597312,0.0008919072208882181,0.0011135348673872274,0.0012550596386093885,0.9588189125061035
0.0021320346535907853,0.0021521834988987407,0.0022012806550822275,0.002245303809090897,0.002313752625426058,0.0023910515098158358,0.002506181324270839,0.002650854550929182,0.00039605429734696044,0.0005538434172770391,0.0005716532277514035,0.000713955071011577,0.0010262274738363545,0.0012570745327356288,0.0014469865646827903,0.9582720994949341
0.0021528566729666207,0.0021716867934172403,0.002210437151468563,0.0022476976806366884,0.0022897624294665525,0.002355447345058926,0.0024542148930556847,0.0025733637488650953,0.00038375857957209203,0.0005204774132029778,0.0005906641000398883,0.0007330499865390636,0.0010013485810271016,0.001254984456732217,0.0014772082719738636,0.9578760266304016
0.00212568760855807,0.0021566308796506137,0.0021926847647135506,0.0022324807916827474,0.002283499652036914,0.0023512851233634885,0.002444074501092185,0.002568226774232556,0.00036986085620743255,0.0005204373851468668,0.000557410333819863,0.0006839485976983,0.0009608862231726999,0.001196282226529587,0.0013999783669156258,0.9583946466445923
0.0021506337323523935,0.002170501535237839,0.002213532759836226,0.0022626521235162562,0.0023138251293588568,0.002380346584601033,0.0024732704039173896,0.002586543090917446,0.0003704864727740838,0.0005144551766390351,0.0005602282713408823,0.0006855857680843334,0.0009512307586443143,0.001187610049239714,0.0013887682873191256,0.957919716835022
0.0021059567917778035,0.0021216258996163153,0.0021561887566790435,0.0022029838791298947,0.0022573351508840566,0.0023363828495997774,0.0024294833843956894,0.0025578470179428558,0.00037013834392532756,0.0005374529110487262,0.0005475442828328321,0.0006759802447098875,0.001003401908985894,0.0011999252173886556,0.0013697473514160323,0.9587719440460205
0.0020265828504506186,0.002043224800917436,0.002080633146343408,0.002113488627603961,0.0021587073263596205,0.002216155291456566,0.002296317662253524,0.002399307399085074,0.00033859005103809665,0.0004706336179064581,0.00047932768378544736,0.0005723014128980813,0.0008365298310915629,0.0010224692260075096,0.001153569278442097,0.9602931141853333
0.002023295116193768,0.002052399486002296,0.00209199144483014,0.0021268518936353098,0.0021674720827577895,0.0022186382952763977,0.002284951094124052,0.0023761508465816677,0.0003212946727370172,0.0004256863981134161,0.0004815439596420988,0.0006103645533523977,0.0008252507734178293,0.0010197195290315032,0.0012330621142279017,0.960355281829834
0.0021697196614009766,0.002194195559329858,0.0022489630363204264,0.0023149121791024,0.0023731786832965986,0.0024526710988897267,0.0025514727790749035,0.0026876796877344047,0.00048206117418077255,0.0006860267211015176,0.0006727741924600569,0.0008109044327529191,0.0011857197409878275,0.0014474019445855208,0.0016402948108385708,0.9575521945953369
